2022-10-02 18:35:03,글로벌 경제,파이낸셜뉴스 ,美 8월 PCE 6.2% 올라…상승폭은 둔화,미국 인플레이션 물가상승 이 멈추지 않은 것으로 9월 30일 이하 현지시간 재확인됐다. 지난달 13일 소비자물가지수 CPI 에 이어 이날 상무부가 공개한 8월 개인소비지출 PCE 물가지수 역시 예상보다 높은 상승 흐름을 보였다. 8월 PCE 물가지수는 전월비 0.3% 전년동월비로는 6.2% 상승했다. 전월비 기준으로 7월 0.1% 하락세에서 다시 상승세로 돌아섰다. 전년동월비 기준으로는 다만 7월 6.4%에서 8월 6.2%로 상승세가 소폭 둔화됐다. 시장에서는 전월비 0.1% 전년동월비 6% 상승률을 전망한 바 있다. 연방준비제도 연준 가 인플레이션 지표로 삼는 근원 PCE 물가지수도 뛰었다. PCE 물가지수에서 월별 변동성이 큰 에너지와 식료품을 제외한 지표인 PCE 근원물가지수는 전월비 0.6% 전년동월비로는 4.9% 상승했다. 연준의 인플레이션 목표치인 연 2% 물가의 2배 반에 이르는 높은 수준의 물가 흐름이 지속되고 있음이 확인됐다. 시장 전망도 뛰어넘는 수준이었다. 이코노미스트들은 8월 PCE 근원물가지수가 7월에 비해서는 0.5% 지난해 8월에 비해서는 4.7% 올랐을 것으로 전망한 바 있다. 시장은 별다른 반응을 보이지 않았다. 지난달 13일 CPI 발표로 미 물가 오름세가 지속되고 있음이 확인됐던 터라 충격이 없었다.,https://n.news.naver.com/mnews/article/014/0004907480,상승세 식료품 둔화 소비자
2022-10-02 18:35:02,글로벌 경제,파이낸셜뉴스 ,1년새 에너지값 40% 폭등… 유로존 9월 물가 10% 찍었다,전망 9.7%보다 높은 사상최고치 근원물가도 4.8% 가파른 오름세 실업률 여전히 높아 경기침체 우려 ECB 10·12월 자이언트스텝 전망 유로존 유로 사용 19개국 인플레이션 물가상승 이 10%를 찍었다. 사상 최고 수준이다. 경기침체 우려에도 불구하고 유럽중앙은행 ECB 의 금리인상 행보가 더 빨라지게 됐다. 유럽 가팔라진 물가 오름세 CNBC 등 외신에 따르면 유럽연합 EU 통계기구인 유로스타트는 지난 9월 30일 이하 현지시간 유로존 인플레이션이 9월 10%를 기록해 사상최고 기록을 경신했다고 밝혔다. 전년동월비 기준으로 8월 9.1%에 비해 0.9%p 뛰었다. 시장 전망치 9.7%보다도 높았다. 특히 유로존 물가 오름세는 우크라이나 전쟁에 따른 그동안의 식료품·에너지 가격 상승에서 그치지 않고 전방위적으로 확산되고 있음이 확인됐다. 거의 모든 부문의 물가가 올랐다. 에너지 가격은 1년 전보다 40.8% 폭등해 8월 상승률 38.6%를 웃돌았다. 식료품·주류·담배 가격도 같은 기간 10.6%에서 11.8%로 상승률이 올라갔다. 에너지와 식료품을 제외한 근원 인플레이션도 8월보다 더 뛰었다. 8월 전년동월비 4.3% 오름세를 기록했던 근원 인플레이션은 9월 4.8%로 오름세가 가팔라졌다. 이코노미스트들은 그러나 아직 인플레이션이 정점을 찍지 않았다고 판단하고 있다. ECB 고강도 대응 불가피 ECB는 유로존 경제가 침체로 빠져들고 있음에도 불구하고 또다시 고강도 통화긴축에 나설 수밖에 없게 됐다. 시장에서는 지난달에 이어 ECB가 이달 0.75%p 추가 금리인상을 단행하고 12월에도 또 다시 금리 인상에 나설 것으로 예상하고 있다. 이렇게 되면 유로존 경기침체는 더 길고 더 심각한 수준이 될 가능성이 높아진다. 프린시펄글로벌인베스터스의 글로벌전략 책임자 시마 샤는 인플레이션이 설령 정점을 찍었다고 해도 고공행진은 지속될 것이어서 ECB가 대응에 나서지 않을 수 없다고 지적했다. 그는 에너지 가격 하락세로 인해 인플레이션이 누그러질 가능성은 있지만 실업률이 여전히 최저 수준인데다 근원 인플레이션은 상승 모멘텀이 강화되고 있어 앞으로도 수개월 동안은 근원 물가 오름세를 피하기 어려울 것으로 비관했다. 유로존 실업률은 8월 6.6%로 7월과 차이가 없었다. 그는 노동시장 수급이 여전히 팍팍한 가운데 인플레이션이 점점 더 유로존 경제에 뿌리를 내리고 있다면서 ECB가 강도 높은 추가 금리인상에 나설 것이라고 예상했다. 샤는 아울러 ECB가 심각한 딜레마를 마주하고 있다고 지적했다. 그는 치솟는 인플레이션을 억제하려면 ECB의 강도 높은 금리인상이 필요하지만 이같은 금리인상은 경기침체 언저리에 접어든 유로존 경제를 침체로 몰아넣고 이후 경기침체 역시 길고 더 고통스러운 것이 되도록 할 것이라고 말했다. ECB는 오는 27일 통화정책 결정기구인 집행이사회를 연다.,https://n.news.naver.com/mnews/article/014/0004907479,인플레이션 우크라이나 우려 승률 전쟁
2022-10-02 18:04:01,글로벌 경제,매일경제 ,위기 진앙지 英 국가신용 전망 깎여,S P 내년 역성장 불가피 등급 전망 부정적 으로 위기의 파운드 국제신용평가사 스탠더드앤드푸어스 S P 가 파운드화 가치 급락 등으로 위기설이 제기되고 있는 영국에 대해 지난달 30일 현지시간 국가신용등급 전망을 안정적 에서 부정적 으로 하향 조정했다. 파운드화 가치는 물론 전 세계 금융시장을 혼란으로 몰아넣었던 리즈 트러스 신임 영국 총리의 정책으로 인해 부채가 크게 늘어날 것이라고 판단한 결과다. 로이터통신에 따르면 S P는 영국 국가신용등급을 AA 로 유지했지만 등급 전망은 부정적 으로 낮췄다. 등급 전망이 하향 조정되면 통상 국가신용등급도 하향으로 이어질 가능성이 높다. S P는 영국이 4분기에 기술적 경기 침체를 겪게 될 수 있고 내년엔 국내총생산 GDP 이 0.5% 감소할 것 이라고 예상했다. 앞서 다른 신용평가사인 무디스도 최근 트러스 총리의 감세 계획이 신용에 부정적 이라며 신용등급 강등을 경고하는 듯한 평가를 내놨다. 무디스는 내년 영국 경제성장률을 0.9%에서 0.3%로 낮췄다. 지난달 23일 트러스 총리의 대규모 감세 정책 후 재정 적자 심화를 우려한 투자자들이 파운드화와 영국 국채를 투매하면서 파운드화 가치가 급락했다. 영국 중앙은행인 영란은행 BOE 이 무제한 국채 매입을 밝히며 파운드화 급락은 일단락됐지만 추가적인 혼란의 불씨는 여전하다. 국제통화기금 IMF 까지 나서 정책 재고를 요청하는 성명을 내놓고 있지만 트러스 총리는 감세 정책에 변화가 없다는 입장을 고수하고 있다.,https://n.news.naver.com/mnews/article/009/0005024901,금융시장 경고 국내총생산 정책 혼란
2022-10-02 17:52:01,글로벌 경제,매일경제 ,영국 총리 트러스 모험에 파운드화 몰락…금융위기 목전까지 몰렸다,금융위기 목전에 몰린 英 브렉시트로 성장 정체됐는데 에너지위기 닥치며 물가 급등 경기침체 벗어나려는 트러스 감세카드 철회 안해 강행모드 런던 금융위상 흔드는 자충수 英 경기침체 더 길고 깊을것 위기의 파운드 사상 최저치까지 떨어진 파운드화의 종말은 여러 차원에서 더 광범위한 쇠퇴를 보여준다. 국내총생산 GDP 기준으로 인도에 세계 5위 경제 자리를 내준 영국이 10위권 밖으로 밀려나는 것도 시간문제다. 이언 골딘 옥스퍼드대 교수는 현재 영국의 경제위기에 대해 지난달 29일 현지시간 뉴욕타임스에 이같이 전했다. 기축통화국인 영국 경제가 이런 극단적 비관론에 휩싸인 것은 불과 열흘 간 벌어진 혼란 때문이다. 대체 무슨 일이 있었던 걸까. 지난달 23일 리즈 트러스 영국 총리는 전격적으로 감세 정책을 발표했고 이후 글로벌 주식 채권 시장은 영국발 위기 경보로 일제히 급락 사태를 겪었다. 지난달 28일 영국 중앙은행 BOE 이 부랴부랴 국채 매입을 발표하며 급한 불을 껐다. 4.5%까지 치솟았던 영국 10년물 국채 금리는 4.08% 선으로 떨어진 뒤 2일 기준 4.12%대로 소폭 반등했다. 국채 가격이 갑자기 하락하면서 영국 연기금이 직면했던 마진콜 추가 증거금 요구 위기에서도 가까스로 벗어났다. 국채 금리가 상승하면서 영국 연기금은 보유한 자산의 가치가 떨어지면서 24시간 이내에 자금을 수혈해야 하는 상황에 몰렸던 것이다. 미 달러 대비 영국 파운드화값은 감세 발표 직후 하루 만에 약 4% 떨어지며 지난달 26일 한때 사상 최저 수준인 1.03달러까지 추락했다. 이후 BOE의 긴급 국채 매입 발표에 소폭 반등했지만 금융시장에서는 여전히 BOE의 대응이 근본적인 해결책이 아니라며 시장의 혼란이 당분간 계속될 수 있다고 경고한다. 대혼돈의 방아쇠가 된 트러스 총리의 감세 정책은 향후 5년간 490억달러 약 72조원 의 세금을 깎아준다는 내용이다. 코로나19 팬데믹 이후 각종 보조금을 지급하느라 소진한 재정을 채우기 위한 법인세 증세를 포기하고 연 15만파운드 약 2억4100만원 이상 버는 고소득자의 최고세율 구간을 없애 세금을 낮춰주겠다고 했다. 하지만 트러스의 야심 찬 감세 카드는 고물가를 잡기 위해 각국 중앙은행이 기준금리를 올리면서 유동성을 흡수해 물가를 낮추는 흐름과 정반대라는 비판에 직면했다. 이뿐만아니라 영국 중앙은행의 금리 인상 기조와도 엇박자를 냈다. 감세 정책과 함께 발표한 600억파운드 약 96조5000억원 규모의 에너지보조금 지급도 유동성 흡수와 역행하는 정책이다. 트러스 총리는 국내외에서 책임론 이 불거지고 있지만 꿈쩍도 하지 않고 있다. 지난달 29일에도 경제가 성장하도록 기꺼이 어려운 결정을 내릴 것 이라면서 물러서지 않았다. 하지만 전 세계는 트러스의 모험 에 대해 우려의 목소리를 높이며 파운드화의 전망을 어둡게 봤다. 에스와르 프라사드 코넬대 경제학 교수는 유럽연합 EU 탈퇴와 방만한 재정 정책 등 일련의 자충수가 파운드화 급락을 부추기며 금융 중심지로서의 런던의 위상을 위협한다 고 지적했다. 사실 영국 내 고물가·저성장 위기는 러시아와 우크라이나 간 전쟁 이전부터 잠재돼 있었다. 영국은 2020년 1월 EU를 탈퇴했고 이후 노동력 부족과 관세 인상으로 물가가 오르면서 실질임금이 하락해 산업·교육계에서 노동자들의 파업도 잇따랐다. 러시아가 우크라이나를 침공한 올해 2월 이전에도 영국 물가상승률은 이미 5%대에 육박했다. 러시아와 우크라이나 간 전쟁 이후 에너지 가격이 폭등하자 러시아산 원유 의존도가 높은 영국은 타격을 크게 입었다. 영국의 7월 가스요금은 전년 대비 95%나 올랐다. 지난달 출범한 트러스 정부는 성장을 견인하면서 에너지 비용을 낮춰야 하는 두 가지 문제를 한꺼번에 해결하기 위해 감세와 에너지 비용 상한 정책을 꺼내 들었다. 영국 경제가 장기 침체에서 벗어나기는 쉽지 않을 전망이다. 앤드루 베일리 BOE 총재조차 영국이 다른 주요국보다 더 깊고 긴 경기 침체를 겪을 것이며 인플레이션도 더 지속적일 것 이라고 경고했다. 파운드화의 불안도 장기간 해소되기 어려워 보인다. 이언 셰퍼드슨 판테온매크로이코노믹스 이코노미스트는 파운드화 급락은 정책적 선택의 결과 라면서 암울한 새 시대가 될지 막간의 불운에 그칠지는 그들 영국 정부 의 노선 변경이나 다음 선거에 달렸다 고 말했다.,https://n.news.naver.com/mnews/article/009/0005024891,경제위기 러시아 지속 간문제
2022-10-02 17:51:02,글로벌 경제,매일경제 ,SP 재정악화 피할수 없다 英 신용 전망 낮춰,신용등급 전망 부정적 하향 내년 GDP 0.5% 떨어질것 감세효과 단기적으로 미미 무디스도 트러스 감세 우려 위기의 파운드 국제신용평가사 스탠더드앤드푸어스 S P 가 파운드화 가치 급락 등으로 위기설이 제기되고 있는 영국에 대해 지난달 30일 현지시간 국가신용등급 전망을 안정적 에서 부정적 으로 하향 조정했다. 파운드화 가치는 물론 전 세계 금융시장을 혼란으로 몰아넣었던 리즈 트러스 신임 영국 총리의 정책으로 인해 부채가 크게 늘어날 것이라고 판단한 결과다. 로이터통신에 따르면 S P는 영국 국가신용등급을 AA 로 유지했지만 등급 전망은 부정적 으로 낮췄다. 그러면서 영국이 4분기에 기술적 경기 침체를 겪을 수 있고 내년 국내총생산 GDP 은 0.5% 줄어들 것으로 전망했다. GDP 성장률이 두 분기 연속 감소하면 기술적 경기 침체에 접어들었다고 본다. 1분기 영국 GDP 성장률은 전 분기 대비 0.7% 2분기에는 0.2% 증가하며 성장세가 둔화되고 있다. S P는 리즈 트러스 정부의 감세 정책 효과가 단기적으로 미미할 가능성이 높다고 내다봤다. S P는 영국의 공공차입이 2023년부터 2025년까지 연간 GDP의 5.5%를 차지할 것으로 봤다. 기존 전망치는 3%였다. 일반 정부 부채는 2025년 GDP의 97%까지 늘어날 것으로 봤다. 다른 신용평가사인 무디스도 지난달 28일 영국의 국가 채무 증가를 우려하며 신용등급 강등을 경고하는 듯한 평가를 했다. 무디스는 트러스 총리의 감세 계획이 신용에 부정적 이라면서 차입 비용 증가 성장 전망 약화 극심한 공공지출 압력으로 구조적으로 더 많은 적자를 초래한다 고 경고했다. 이어 영국 중앙은행 BOE 의 공격적인 긴축 정책을 촉발할 수 있다 고 전망했다. 무디스는 내년 영국 경제성장률을 0.9%에서 0.3%로 낮췄다. 공식적인 등급 검토는 이달 21일에 진행된다. 무디스와 피치는 영국 신용등급을 AA 로 평가하고 있다. 쿼지 콰텡 영국 재무장관은 지난달 23일 소득세와 인지세를 인하하는 450억파운드 약 72조원 규모의 대대적인 감세 정책과 함께 600억파운드 약 97조원 상당의 에너지보조금 지원 방안을 공개한 바 있다. 하지만 시장에서는 50년 만에 최대 폭인 이번 감세안이 국가 부채 급증과 인플레이션 심화를 초래할 것이라고 불안한 시선으로 보고 있다.,https://n.news.naver.com/mnews/article/009/0005024890,인플레이션 신용 공격 악화 중앙은행
2022-10-02 17:51:01,글로벌 경제,매일경제 ,세계 주식 채권시장 무너졌다…올해 무려 5경원 증발,블룸버그 4분기 더 큰 고통 위기의 파운드 미국 연방준비제도 Fed·연준 등 각국 중앙은행의 가파른 금리 인상으로 촉발된 자산시장 매도세로 최근 9개월간 세계 주식·채권 시장에서 36조달러 약 5경1900조원 가 증발한 것으로 집계됐다. 1일 현지시간 블룸버그는 안전한 미국 국채부터 가장 위험한 신흥 주식까지 전 세계 주식과 채권은 지난 9개월 동안 기록적인 36조달러의 가치를 잃었다 고 전했다. 블룸버그는 블룸버그글로벌채권종합지수 와 MSCI 전세계지수 ACWI 를 분석해 이같이 보도했다. 이 두 지수의 올해 낙폭은 2008 2009년 금융위기와 2020년 코로나19 팬데믹 초기 때보다 가파르다고 블룸버그는 전했다. 특히 최근 9개월간 시장에서 증발된 자산은 코로나19 팬데믹 이후 2020년 중반 2021년 후반 감소한 자산 금액의 두 배에 달한다고 덧붙였다. 기준금리 인상 여파로 투자자들이 현금 보유를 늘리면서 주식과 채권이 동반 폭락한 것이다. 뉴욕 증시의 S P500지수는 이례적인 3분기 연속 손실을 기록했다. 뱅크오브아메리카 BoA 에 따르면 지난해 8월 이래 전 세계에서 총 294건의 기준금리 인상이 단행됐다. 지난 7개월간 세계 각국에서 진행된 양적긴축 규모는 3조1000억달러에 달한다. BoA는 지난달 30일 전 세계 주식과 채권 시장이 급작스러운 긴축에 무너졌다 며 금리 인상과 긴축 충격이 유동성에 중독된 월가를 강타했다 고 분석했다. 블룸버그는 4분기로 접어들면서 세계 자산시장에 더 큰 고통이 있을 것 이라며 각국 중앙은행들이 경기 침체로 이어지더라도 인플레이션을 꺾기 위해 기준금리를 계속 인상하겠다는 결의를 강조하고 있다고 전했다.,https://n.news.naver.com/mnews/article/009/0005024889,금융위기 전세계 고통 뉴욕
2022-10-02 17:37:56,글로벌 경제,중앙일보 ,결국 주택대출까지 중단…영국 경제 일주일 만에 흔들,리즈 트러스 영국 총리. EPA 연합뉴스 영국 경제가 대규모 감세 조치 발표 이후 불과 일주일 사이 크게 흔들리고 있다. 파운드 가치는 급락하고 국채금리는 치솟았다. 국가 신용등급 마저 강등 위기다. 국채금리가 급등하자 시중은행들이 신규 주택담보대출을 중단하기 시작하며 실물 경제에도 영향을 주는 모습이다. 30일 이하 모두 현지시간 국제신용평가사 스탠더드앤드푸어스 S P 가 영국의 국가신용등급 전망을 기존 ‘안정적’에서 부정적 으로 하향 조정했다. 신용등급은 기존 AA로 유지했지만 전망 평가가 내려간 만큼 이후 국가 신용등급 하향으로 이어질 가능성도 커졌다. 신용 등급이 내려간다는 건 다른 나라에서 영국에 돈을 빌려줄 때 ‘추가 위험’을 각오해야 한다는 의미다. 영국 입장에서는 더 높은 이자를 줘야 돈을 빌릴 수 있어 재정 부담이 커진다. 금융강국 영국이 신용등급 강등 위기 상황까지 가는 데는 채 일주일이 걸리지 않았다. 발단은 23일 리즈 트러스 새 총리가 이끄는 영국 정부가 발표한 450억 파운드 약 69조원 대규모 감세조치였다. S P는 “영국 신용등급 부정적 전망 결정은 영국 정부의 재정적자 계획과 추가 감세에 기인한 것”이라고 밝혔다. 당초 S P는 2023년부터는 영국의 GDP대비 정부부채 비율이 감소할 것이라고 봤다. 하지만 이번 감세안이 나오자 영국정부의 일반 순부채가 계속 상승 궤적을 그릴 것이라고 전망을 반대 방향으로 수정했다. 구체적으로 S P는 2025년까지 영국 국내총생산 GDP 대비 재정적자 비율이 2.6%p 확대될 것이라고 추산했다. 또 S P는 영국 경제가 대규모 재정적자를 동반한 이번 경기부양책에도 불구하고 앞으로 수분기에 걸쳐 침체될 것이라는 전망에 변함이 없다 고 밝혔다. ━ 감세 발표 후 공포의 일주일 그래픽 신재민 기자 shin.jaemin joongang.co.kr 신용등급 전망 하향 조정에는 앞서 감세 조치 발표 이후 요동친 영국 금융시장에 대한 우려 영향도 컸다. 26일 파운드 당 달러 가치가 사상 최저인 1.03달러 수준까지 급락했다. 영국 5년 만기 국채 금리는 4.6%를 돌파하며 이탈리아와 그리스 국채보다도 싸졌다. 시장에서 감세 정책이 인플레이션을 부추기고 재정적자를 키울 것이라는 부정적인 평가를 내린 결과다. 그러자 27일 국제통화기금 IMF 은 이례적으로 영국 정부를 향해 감세 및 보조금 지급 계획을 철회를 촉구하고 나섰다. 결국 영란은행 BOE 은 28일 금융시장을 안정시키기 위해 10월 14일까지 장기 국채를 하루 최대 50억 파운드씩 총 650억 파운드 약 101조 원 사들이겠다는 긴급 대책을 발표했다. 정부가 채권을 매입해 가격 급락 금리 급등 을 막겠다는 것이다. 하지만 반짝 효과에 그쳤다. 30일 파운드 당 달러 가치는 1.116달러로 소폭 회복했다. 그러나 영국 5년 만기 국채 금리는 여전히 4.4%대에서 거래되고 있다. BOE의 조치가 물가를 잡으려 금리를 올리고 있는 정책 기조와 반대된다는 지적과 함께 되레 물가를 끌어올린다는 비관론이 확산되면서다. 결국 BOE가 물가를 잡기 위해 큰 폭의 기준금리 인상을 단행할 것이란 전망이 국채 금리를 밀어 올리고 있다. 파이낸셜타임스 FT 는 “급등한 국채 금리가 영국 기업과 주택담보대출을 받은 개인들의 차입비용을 높이고 있다”고 우려의 목소리를 냈다. ━ 실물 경제까지 타격...잇따라 주담대 중지 실제로 금융시장의 위기는 실물경제로 전이되는 모습이다. 1일 FT는 지난달 23일 영국 정부의 감세안 발표한 이후 영국 전역의 시중은행들이 회수하거나 중단한 주택담보대출 상품이 1688개에 달하는 것으로 집계됐다. 26일 영국 최대 모기지 공급자인 로이드뱅킹그룹을 시작으로 버진머니 스킵턴빌딩소사이어티 등이 대출 상품을 철회했다. 27일에는 HSBC 등이 신규 대출을 중단시켰다. 국채 금리 급등이 모기지 금리 상승을 부추긴 탓이다. 치솟는 금리를 시장에 당장 반영하는 것이 쉽지 않은 만큼 시중은행이 대출 중단 결정을 내린 것이다. 여기에 금리가 향후 급등해 주택 수요가 줄면 주택가격에 하방 압력으로 작용해 담보 가치를 떨어뜨리고 빚을 제대로 갚지 못하는 사람을 양산할 수 있다는 위험 회피 심리도 더해졌다. 한편 이런 위기가 영국만의 문제는 아니란 지적도 나온다. 월스트리트저널 WSJ 의 시장전문 칼럼니스트 제임스 매킨토시는 영국 사태는 확장재정 인플레이션 조합 속 채권 자경단 Bond vigilantes·당국의 잘못된 정책으로 금리 상승 가능성이 발생할 때 국채 대량 매도에 나서는 투자자 의 희생양 이라며 영국은 탄광 속 카나리아 로 중앙은행의 긴축 기준금리 인상 과 정부의 경기부양책을 동시에 펼치려는 다른 선진국에서도 비슷한 상황이 발생할 수 있다 고 강조했다.,https://n.news.naver.com/mnews/article/025/0003227985,인플레이션 공포 칼럼니스트 그리스 전역
2022-10-02 17:24:01,글로벌 경제,매일경제 ,인도 제조업 심장에 韓기업 470곳 진출,인도 주GDP 2위 타밀나두 텐나라수 산업부장관 방한 코로나19 기간에도 기업 190여 곳이 투자해 주 경제가 5% 이상 성장했습니다. 이미 현대차 삼성전자 롯데제과 등 한국 기업이 진출했어요. 타밀나두주를 한국인의 제2의 고향으로 만들 겁니다. 최근 서울 롯데호텔에서 열린 투자 유치 세미나 참석차 방한한 탕감 텐나라수 타밀나두주 산업부 장관 사진 은 한국 기업 유치 의사를 적극 홍보했다. 이번 세미나는 코로나19 팬데믹 이후 인도 측이 재개한 첫 대규모 기업 유치 행사다. 텐나라수 장관은 한국 기업들은 원자재를 현지 조달하는 등 상호 호혜적인 산업 생태계를 만드는 좋은 사업주 라며 한국 기업들이 만든 생태계 덕분에 다른 나라의 기업들을 유치하는 데도 도움이 된다 고 평가했다. 1995년 현대차가 처음 타밀나두에 해외 기지를 건설한 이후 약 10만명의 간접고용효과가 발생했다. 현지 투자한 한국 기업은 470여 곳으로 늘었다. 첸나이를 주도로 삼는 타밀나두주는 국내총생산 GDP 이 3000억달러 약 429조원 에 달한다. 인도 28개 주 중 마하라슈트라주에 이어 두 번째로 경제 규모가 크다. 이 지역은 자동차와 관련 부품 섬유 전자제품 등 제조업에서만 인도 전체 수출량의 47%를 담당해 제조업의 심장 으로 불린다. 고학력 여성 노동자가 가장 많은 주로도 꼽힌다. 코로나19 이후의 전 세계적인 공급망 혼란은 오히려 득이 됐다. 타밀나두주의 지난해 4 12월 수출액은 170억달러로 전년 대비 43% 성장했다. 텐나라수 장관은 타밀나두주가 제조업 허브에서 나아가 미래 산업 유치에 나서고 있다는 점을 강조했다. 대표적인 분야가 전기차다. 전기차의 두 축인 자동차 제조와 전자 부문의 산업 생태계가 이미 조성돼 시너지 효과를 낸다고 그는 설명했다. EV배터리 업체와 파워트레인 등 주요 부품 제조 업체도 한곳에 모여 있다. 러시아와 우크라이나 간 전쟁발 에너지난으로 관심이 높아진 재생에너지 분야에서도 앞선다. 타밀나두주는 인도에서 재생에너지 발전량이 가장 많은 곳으로 연간 17기가와트 GW 의 전력을 생산하는 세계 10대 재생에너지 허브다.,https://n.news.naver.com/mnews/article/009/0005024846,우크라이나 심장 현대차
2022-10-02 16:33:01,글로벌 경제,이코노미스트 ,‘안 숨고 쇼핑한다던’ 루나 권도형…코인 동결되자 “과잉수사” 위클리 코인리뷰,비트코인 인플레 압박 여전…‘업토버’ 효과 기대도 檢 해외 거래소와 함께 권도형 코인 388억 동결 DAXA 상장 공동 기준 마련…스테이블코인부터 페북·인스타로 NFT 공유 가능…솔라나 지원도 언급 권도형 테라폼랩스 대표 게티이미지 위클리 코인리뷰는 한 주간의 암호화폐 가상자산 시장을 돌아보는 코너입니다. 너무나도 복잡하게 흩어져있는 시장의 정보를 ‘코인러’ 여러분께 정리해 전달해 드립니다. 지난 일주일에 대한 리뷰이므로 현재 시세와 크게 다를 수 있습니다. 모든 투자 판단과 그에 따른 투자 결과는 투자자 본인의 책임입니다. 편집자 테라·루나 사태로 세간을 들썩이던 권도형 테라폼랩스 대표의 자산 일부가 동결됐다. 권 대표와 테라폼랩스 측은 즉각 “기본권을 침해하고 있다”며 한국 검찰을 비난했다. 불과 동결 며칠 전 “나는 숨지 않고 산책도 하고 쇼핑도 한다”며 검찰을 비웃듯 트윗을 올렸던 권 대표의 모습과는 사뭇 달랐다. 테라·루나 사태로 풍파를 겪은 국내 5대 코인 거래소는 드디어 상장심사 공통 가이드라인을 마련해 오는 10일부터 적용키로 했다. 다양한 암호화폐 유형 가운데 루나 사태와 연관된 스테이블코인을 우선적으로 검토한 점이 눈에 띈다. 지난 사태가 막대한 피해를 남겼지만 건전한 시장 문화 형성에 분명한 교훈이 됐음이 증명되는 듯하다. ━ 주간 코인 시세 2만 달러 내려앉은 BTC…‘10월 효과’ 먹힐까 코인마켓캡에 따르면 9월 26일 10월 2일 비트코인 가격은 최저 2661만5585원 9월 26일·월요일 최고 2890만9342원 9월 27일·화요일 을 기록했다. 이번 주 비트코인은 2600만원에서 2800만원대까지 출렁이며 혼조세를 나타냈다. 9월 27일과 10월 1일 2900만원 턱밑까지 올라왔지만 끝내 고지를 넘기지 못했다. 달러 기준으로는 10월 1일 이후 2만 달러 밑으로 내려앉은 채 가격을 형성하고 있다. 이처럼 비트코인이 최근 상승 탄력을 받지 못하는 건 연방준비제도 연준·Fed 가 선호하는 물가 지표인 근원 개인소비지출 PCE 가격지수가 오름세를 보이면서 뉴욕증시가 급락한 영향으로 보인다. 미국 상무부에 따르면 변동성이 큰 에너지와 식료품을 제외한 8월 근원 PCE 가격지수는 지난해 같은 기간보다 4.9% 올랐다. 월스트리트저널 WSJ 이 집계한 예상치인 4.7%를 웃돌았다. 코인텔레그래프는 “프로 트레이더는 거시경제 불확실성에 따른 글로벌 금융시장 불안에 비트코인이 조만간 2만 달러를 돌파할 것으로 기대하지 않고 있다”며 “비트코인이 2만5000달러 이상으로 종가를 기록한 지 111일이 지났으며 이로 인해 일부 투자자들은 비트코인이 현재 바닥인지 확신하지 못하고 있다”고 전했다. 그러나 암호화폐 가상자산 시장에선 비트코인이 10월부터 상승장에 들어설 것이란 기대감도 나온다. 암호화폐 시세는 2021년과 2020년 10월에 9월보다 각각 15% 20% 상승하는 등 과거 10월마다 상승세를 탔다. 업계에선 암호화폐 시장의 10월 상승세를 업토버 Uptober Up Octobe 라고 부른다. 핀볼드에 따르면 코인마켓캡의 커뮤니티에선 10월 말까지 비트코인 가격이 2만2857달러까지 뛸 수 있다는 전망도 나온다. 암호화폐 주간 원화 시세 9월 26일 10월 2일 . 위부터 비트코인 BTC 이더리움 ETH 리플 XRP 에이다 ADA 솔라나 SOL . 코인마켓캡 캡처 나머지 시가총액 상위 코인인 이더리움과 솔라나도 비트코인과 비슷하게 움직였다. 리플의 경우 지난 주 약식 판결 소식으로 크게 올라 주요 알트코인들보다 하락폭이 크게 나타났다. 에이다는 캐나다 배우 윌리엄 사소의 트위터 계정이 해킹돼 사칭 스캠에 연루되는 악재가 있었다. 10월 2일 오후 3시 30분 기준 이더리움은 189만5800원 리플은 687원 에이다는 621원 솔라나는 4만7424원에 거래됐다. ━ 주간 이슈 檢 권도형 코인 자산 388억 동결…“속히 출석하라” 권도형 대표 게티이미지 테라·루나 코인 폭락 사태 관련해 국제형사경찰기구 인터폴 적색수배가 내려진 권도형 테라폼랩스 대표가 한국 검찰을 비난했다. 하지만 검찰은 권 대표의 주장에 대응하지 않겠다며 조속히 조사에 응하라는 입장을 밝혔다. 9월 28일 현지시간 월스트리트저널 WSJ 에 따르면 테라폼랩스 측은 “테라·루나 사건이 매우 정치화됐으며 한국 검사들이 불공정한 수사로 한국법에 보장된 기본권조차 침해하고 있다”는 내용의 성명을 보내왔다고 보도했다. 이어 “암호화폐는 증권에 해당되지 않아 자본시장법을 적용받지 않는다”며 “루나는 결코 증권이 아니며 그런 적도 없다”고 주장했다. 법조계에 따르면 암호화폐는 그동안 증권성이 인정되지 않았다. 이에 자본시장법이 아닌 특정금융거래정보법 특금법 이 적용됐다. 하지만 검찰은 최근 테라와 루나를 자본시장법에 적용시켜 ‘투자계약증권’에 포함되는 것으로 판단 이들에게 자본시장법 위반 혐의를 적용했다. 서울남부지검은 9월 29일 낸 입장문에서 “도망 중인 피의자의 일방적인 주장에 대해 일일이 대응하지 않겠다는 것이 검찰의 기본 입장”이라며 “피의자가 조속히 검찰에 출석해 입장을 충분히 밝히고 조사에 응하는 것이 합당하다”고 촉구했다. 권 대표는 현재 행방이 묘연한 상태다. 한국 검찰은 최근 인터폴이 권 대표에 대한 적색수배령을 정식 발령했다고 밝혔다. 이에 테라폼랩스 측은 “권 대표의 위치는 그와 가족에 대한 지속적이고 실질적인 위협이 있어 비공개하는 사안”이라고 밝혔다. 권도형 테라폼랩스 대표가 9월 26일 올린 트윗. ″나는 도망치려는 것이 아니라 여전히 걷고 쇼핑하고 있다″며 ″몇몇 사람들은 지난 몇 주 동안 여전히 나를 마주한다″고 말했다. 트위터 stablekwon 캡처 앞서 그는 적색수배령이 발령된 뒤 도주설이 불거지자 지난 9월 27일 자신의 트위터를 통해 “이미 말했듯이 숨으려고 어떠한 노력도 하지 않는다”며 “산책도 하고 쇼핑몰도 간다”고 반박하기도 했다. 한편 검찰은 권 대표가 은닉을 시도한 것으로 추정되는 암호화폐 950억원 가운데 해외 거래소 한 곳의 협조를 받아 388억원을 동결했다. 이번 검찰에 대한 테라폼랩스 측의 비난 성명은 권 대표의 자산이 동결된 것에 대한 반발로 풀이된다. ━ 주간 거래소 5대 코인 거래소 상장심사 공동 기준 도입한다 5대 디지털자산 거래소 공동협의체 DAXA 출범식. 사진 빗썸 국내 5대 가상자산 거래소 고팍스 빗썸 업비트 코빗 코인원으로 구성된 ‘디지털자산 거래소 공동협의체 DAXA ’가 ‘거래지원심사 공통 가이드라인’ 등을 도입한다. DAXA에 따르면 ‘거래지원심사 공통 가이드라인’이 오는 10일부터 본격 시행된다. 가이드라인은 내재적 위험성 평가 기술적 위험성 평가 사업 위험성 평가 등으로 이루어진 세부 항목을 평가한다. 5개 거래소는 신규 거래지원 심사 시 각 사의 절차와 기준에 따라 거래지원을 자체적으로 결정하지만 이 과정에서 공통 가이드라인에 따른 항목 평가를 필수적으로 이행해야 한다. 가상자산 유형별로 위험성 지표와 모니터링 방식을 정하고 있다. 이 가운데 루나 사태와 연관된 스테이블코인 및 해외 거래사업자가 발행한 코인에 대한 위험성 지표 선정과 모니터링 방식을 우선 협의했다. DAXA의 스테이블 코인 위험성 지표 예시. 사진 DAXA 현재 5개사는 지표 적용을 위한 개발 일정을 협의 중이다. 개발이 완료되면 협의된 위험지표가 모니터링 될 경우 일정 시간 내 유의종목 지정이나 거래지원 종료 결정 등 지표탐지 결과에 따른 공동 대응이 가능해질 것으로 보인다. 거래지원 심사에 참여할 외부전문가의 인원과 비율도 결정했다. DAXA의 외부전문가 참여 최소기준에 따르면 5개 거래소는 이달 1일부터 신규 거래지원 심사 시 각사의 거래지원 심사위원회에 외부전문가를 최소 2명 또는 최소 30% 이상을 포함해야 한다. 투자자 보호를 위한 시장감시 제도도 마련됐다. 각 거래소별로 ‘가상자산 경보제 내부기준’을 만들어 가격 급등락 거래량 급등 입금량 급등 등이 발생할 때 투자자에게 빠르게 안내하는 경보제도 도입한다. 현재 내부기준을 위한 모델을 수립한 상태다. 이달 말까지 자문위원회 검토를 거쳐 기준값과 시행일에 대한 협의를 마칠 계획이다. 일반 투자자에 대한 투자위험성 및 범죄예방교육을 강화하기 위한 조치도 마련된다. DAXA는 이를 소재로 한 교육용 영상 콘텐츠를 제작한다. 2023년 1월부터 일반투자자가 시청할 수 있도록 보급할 계획이다. 투자자를 대상으로 세미나와 콘퍼런스 등도 열 예정이다. ━ 주간 NFT 페북·인스타 ‘NFT 공유’ 美 이용자 전체에 오픈 9월 29일 현지시간 글로벌 소셜미디어 SNS 페이스북과 인스타그램이 대체불가능토큰 NFT 를 공유 기능을 미국 전체 이용자에 오픈했다. 사진은 태블릿 PC에 표시된 페이스북·인스타그램 로고. AFP 연합뉴스 글로벌 소셜미디어 SNS 페이스북과 인스타그램이 대체불가능토큰 NFT 공유 기능을 미국 전체 이용자에 오픈했다. 9월 29일 현지시간 모기업 메타는 공식 블로그를 통해 “이제부터 페이스북과 인스타그램의 모든 미국 이용자들이 월렛을 연결하고 디지털 수집품을 공유할 수 있다”며 “여기에는 페이스북과 인스타그램에서 교차 게시할 수 있는 기능이 포함된다”고 말했다. 앞서 메타는 5월 미국 내 일부 NFT 제작자와 수집가를 선별해 인스타그램에서의 활용을 테스트하기 시작했다. 이후 8월에는 100개국으로 NFT 서비스 확장 소식을 밝히기도 했다. 앞으로 미국을 포함한 100개국의 페이스북과 인스타그램의 사용자들은 해당 SNS 앱에 암호화폐 월렛을 연결하고 구입한 NFT를 자신의 SNS 계정에 포스팅할 수 있다. 연동되는 월렛으로는 코인베이스 대퍼랩스 메타마스크 레인보우 트러스트 월렛이 있다. 현재 지원되는 NFT 블록체인은 이더리움 폴리곤 플로우다. 메타는 추후 솔라나 블록체인 지원 의사를 밝힌 상태다. 한편 해당 발표 전 마크 저커버그 메타 CEO가 공개한 자신의 어린 시절 야구 카드 NFT는 약 10만5000달러 약 1억5130만원 에 판매된 것으로 알려졌다.,https://n.news.naver.com/mnews/article/243/0000031372,인스타 금융시장 화요일 비난 트위터
2022-10-02 14:23:01,글로벌 경제,한겨레 ,금리 올리면 뭐하나…중앙은행과 거꾸로 가는 각국 재정정책,미국 달러화. 로이터 연합뉴스 달러화 초강세와 세계적 금리인상 기조 속에서 중앙은행의 독립성이 위협받는 일이 일어나고 있다. 정치적 목적이 깔린 정부 정책이 중앙은행의 통화정책을 무력화하고 있다는 지적이 나온다. 리즈 트러스 신임 총리가 이끄는 영국 정부는 지난달 23일 통화정책과 정면으로 배치되는 대규모 감세안을 내놨다. 미국 연방준비제도가 인플레이션을 잡기 위해 고강도 긴축을 이어가면서 세계 각국의 중앙은행은 대부분 금리인상 기조를 택하고 있다. 반면 감세정책은 인플레이션 압력을 부채질할 위험이 있다. 이 때문에 영국 정부의 정책이 영국 중앙은행인 잉글랜드은행의 통화정책과 엇박자를 내면서 파운드화 가치 폭락을 불렀다는 비판이 제기되고 있다. 영국 국채시장발 금융위기가 세계로 확산할 수 있다는 우려가 커지면서 국제통화기금 IMF 이 선진국에 대해서는 이례적으로 “정책을 재고해야 한다”는 일침을 날리기도 했다. 달러 대비 파운드화 가치가 폭락하고 국채금리가 치솟자 잉글랜드은행은 지난달 28일 장기국채를 2주간 임시로 매입하는 깜짝 시장개입을 발표했다. 급한 불씨는 껐지만 근본적인 해결책은 되지 못한다는 평가가 지배적이다. 월스트리트 저널 은 “중앙은행의 움직임이 시장의 즉각적인 반응을 끌어내기는 했지만 투자자와 경제학자들은 피해가 얼마나 깊고 넓게 퍼졌는지 중앙은행의 노력이 상황을 안정시키기에 충분한지를 판단하기는 이르다고 말한다”고 전했다. 인도 역시 비슷한 상황이다. 지난달 28일 인도 정부는 저소득층 대상 무료 식량 배급 프로그램을 3개월 연장하기로 했다고 발표했다. 이 프로그램은 원래 지난달 말 종료될 예정이었지만 인도 정부는 “프로그램을 3개월 연장해 경제적 어려움 없이 식량을 쉽게 구하는 이익을 누릴 수 있게 하겠다”고 했다. 로이터 통신은 프로그램 연장이 정치적 이해관계에서 비롯됐다고 지적했다. 통신은 “구자라트와 히마찰프라데시 지역에서 올해 말까지 선거를 앞둔 가운데 이번 연장 결정이 나왔다”며 “이들 지역에서 나렌드라 모디 총리는 신흥 지역정당의 도전에 직면해 있다”고 전했다. 구자라트주는 모디 총리의 고향이기도 하다. 정치적 목적에서 나온 이번 결정은 인도 정부의 재정적자 확대 우려를 키우고 있다. 국제 신용평가사 무디스 인도법인의 이코노미스트 아디티 나야르는 “프로그램 연장에 따라 재정적자가 예산 수준을 초과하게 될 것으로 예상한다”고 말했다. 인도 중앙은행은 인플레이션에 대응하기 위해 올해 들어 세 번 연속 기준금리를 인상했는데 정부의 식량 배급 프로그램 연장은 통화정책과도 결을 함께 하지 않는다. 영국 파운드화. 로이터 연합뉴스 앞서 지난달 8일 국제결제은행 BIS 의 클라우디오 보리오 통화경제국장은 ‘통화정책의 과거 현재 미래’라는 제목의 콘퍼런스 발표에서 “중앙은행의 독립성이 위협받게 될 수 있다”고 경고했다. 인플레이션을 막는 것이 중앙은행의 주요 임무지만 재정정책을 담당하는 중앙정부 입장에선 인플레이션이 국가부채 부담을 줄이는 효과가 있어 이 유혹으로부터 자유롭기 어려울 것이라는 우려다. 그는 “과거에 인플레이션을 낮게 유지하도록 도움을 줬던 요인들도 이제 역풍으로 바뀔 수 있다”며 “정치 환경이 국제적 협력을 덜 지지하는 쪽으로 변하고 있다는 증거가 있고 포퓰리즘이 증가하고 있는 것 같다”고 분석했다. ‘금리 역주행’ 중인 튀르키예 터키 는 중앙은행의 독립성 위협이 이미 현실화된 국가다. 튀르키예는 올해 들어 두 번이나 금리를 내렸다. 금리인하가 경기 부양으로 이어질 수 있다는 레제프 타이이프 에르도안 대통령의 굳건한 믿음이 작용했다. 에르도안 대통령은 지난해에는 금리인상이 필요하다고 주장하며 자신과 갈등을 빚었던 중앙은행 총재를 경질하기도 했다.,https://n.news.naver.com/mnews/article/028/0002608559,통화정책 신흥 터키 식량 갈등
2022-10-02 14:13:01,글로벌 경제,이코노미스트 ,대한항공‧아시아나항공 기업 결합 심사 속도 낼까,이르면 내달 美‧英 승인 전망…EU 문턱 넘을까 대한항공 보잉 787 9. 사진 대한항공 대한항공이 아시아나항공 인수 추진을 밝힌 이후 약 2년 동안 양사 해외 기업 결합 승인이 완료되지 않은 가운데 이르면 11월에 미국과 영국에서 기업 결합 승인을 받을 것이란 전망이 나온다. 글로벌 항공 산업에 큰 영향을 미치는 미국과 영국에서 기업 결합 심사를 통과할 경우 유럽연합 EU 일본 등의 기업 결합 심사에 긍정 영향을 미칠 것이란 기대감도 있다. 다만 한국조선해양과 대우조선해양의 기업 결합을 불승인한 EU의 기업 결합 심사 문턱이 높다는 우려도 여전하다. 2일 항공업계 등에 따르면 대한항공은 아시아나항공과의 해외 기업 결합 심사 통과를 위해 아시아나항공의 일부 노선을 대신 운항할 수 있는 국내외 항공사들과 협상을 진행하고 있는 것으로 전해졌다. 각국의 경쟁 당국은 대한항공과 아시아나항공의 기업 결합 승인 조건으로 양사 합병 이후 독과점이 예상되는 노선을 아시아나항공 대신 운항할 신규 항공사를 제시해야 한다고 요구하고 있다. 실제 국적 저비용항공사 LCC 인 에어프레미아는 이달 29일 인천 로스앤젤레스 노선에 신규 취항한다. 대한항공은 베트남 항공사의 로스앤젤레스 노선 취항도 추진하고 있는 것으로 알려졌다. 로스앤젤레스 외에 미주 노선의 경우 유나이티드항공 델타항공 등 미국 항공사의 운항 확대 등을 통해 독과점 문제를 해소할 것으로 보인다. 미국 법무부는 대한항공과 아시아나항공의 기업 결합 심사와 관련해 대한항공 임원 등을 대상으로 인터뷰를 진행하고 대한항공의 독과점 해소 조치 등을 검토할 것으로 관측된다. 영국 경쟁시장청 CMA 의 경우 대한항공과 아시아나항공의 기업 결합 심사에 대해 지난달 1차 본심사에 돌입했고 내달 중순쯤 1차 심사 결과를 발표한다는 밝힌 상태다. CMA 측은 다른 국가 경쟁 당국과 마찬가지로 양사 합병 이후 예상되는 독과점 우려 등을 검토한다는 입장이다. 독과점 문제 해소 등과 관련해 인천 런던 노선에 영국 항공사인 버진애틀랜틱이 신규 취항할 것으로 예상되고 있다. ━ EU‧일본 심사 지지부진…‘산 넘어 산’ 대한항공과 아시아나항공이 미국과 영국 등에서 기업 결합 심사 문턱을 넘으면 EU 일본 등에서의 기업 결합 심사에도 속도가 붙을지 주목된다. EU와 일본의 경우 대한항공과 아시아나항공 기업 결합에 관한 본심사가 시작되지 않은 상태로 본심사 전 사전 협의 단계 수준에 머물러 있다. EU 경쟁 당국은 올해 LNG 액화천연가스 운반선 시장 독과점 등을 이유로 국내 조선사인 한국조선해양과 대우조선해양의 기업 결합을 불허한 만큼 대한항공과 아시아나항공의 기업 결합 심사 조건도 까다로울 것이란 관측이 나온다. 일본에선 1년 넘게 사전 협의 절차가 진행 중이다. 지난해 8월 결합 신고서 초안을 제출한 대한항공은 현재 일본 경쟁 당국이 요구한 자료를 모두 제출한 것으로 전해진다. 이에 대해 항공업계 관계자는 “국적 LCC들과 일본 항공사들이 한일 노선을 운항하고 있어 독과점 문제는 없을 것으로 예상된다”면서도 “일본 경쟁 당국이 대한항공과 아시아나항공 결합으로 초대형 항공사가 시장에 진입하면 일본 항공사들이 경쟁에서 밀릴 수 있다고 우려하는 것으로 보인다”고 진단했다.,https://n.news.naver.com/mnews/article/243/0000031369,유나이티드항공 경쟁 일본 산업 유럽연합
2022-10-02 14:07:02,글로벌 경제,파이낸셜뉴스 ,메타 주가 폭락·틱톡 위협 등 악재 직면,페이스북과 틱톡 앱 로고.로이터뉴스1 페이스북의 모기업 메타가 주가 폭락과 매출 감소 사용자 이탈 등 악재에 부딪히고 있다. 지난 30일 현지시간 경제전문방송 CNBC는 불과 1년여전만해도 1조달러가 넘었던 메타의 시총 약 3분의 2가 증발하면서 주식은 2019년 1월 이후 최저 수준에서 거래되고 있는 등 최악의 해를 보내고 있다고 보도했다. 마크 저커버그 메타 최고경영자 CEO 는 메타버스에 큰 기대를 걸고 있으나 투자자들은 냉담한 반응을 보이면서 주식을 처분하고 있으며 메타가 회복을 하지 못할 수도 있다는 시각도 나오고 있다. 메타는 높은 광고 수익으로 최고의 인재들을 영입해 회사를 이끌 수 있었으나 광고주들이 지출을 줄이는데다가 페이스북 사용자 감소로 2개 분기 연속 매출 감소가 유력한 상태다. 여기에 틱톡으로부터 큰 위협을 받고 있다. 투자은행 니덤의 애널리스트 로라 마틴은 “페이스북이 핵심 사업이 있는지도 확실해 보이지 않는다”라고 말했다. 페이스북은 여전히 모바일 광고 시장에서 독보적인 등 가장 수익성이 좋은 기업 중 하나로 알려졌으나 페이스북은 지난 2·4분기에 순익이 전년 동기비 36%가 감소했는데도 불구하고 67억달러 약 9조6500억원 를 기록하면서 주식과 현금 400억달러 약 58조원 를 보유하고 있다. 최근 페이스북의 가장 두려운 적으로 떠오르고 있는 것은 틱톡이다. 페이스북 사용자는 지난 2년간 전 세계에서 사용자가 10% 증가했음에도 불구하고 젊은 세대들은 틱톡으로 대거 이탈하고 있다. 앱 마케팅 기업 리프트오프의 CEO 제레미 본디는 페이스북으로의 자금 유입이 앞으로 수년간 급감하지는 않겠지만 “차세대들을 사로잡지 못하는 것은 우려된다”고 말했다. 메타는 틱톡을 모방해 단편 동영상을 제공하는 릴스 Reels 에 기대를 걸고 있으나 니덤의 애널리스트 마틴은 이 같은 전략은 주요 수입원인 뉴스피드를 선호하는 사용자들을 외면하는 실수라고 지적했다. 브랜드 연구 전문가 데니스 리 욘은 저커버그 CEO가 페이스북의 사내 문화뿐만 아니라 본인을 포함해 비전이 있는 기업으로 만들려 하지 않고 있다고 지적했다. 또 개인정보유출 등 스캔들을 겪은 페이스북의 명성에 흠집이 생기면서 과거와 달리 유능한 인재의 영입이 쉽지 않아 구인에 있어서 아직 도적적인 문제가 발생하지 않은 틱톡과의 경쟁에서도 불리해지고 있다며 이를 극복하기 위해서는 연봉 인상과 스톡옵션 제공이 뒤따라야 할 것이라고 전했다. 저커버그 메타 CEO는 과거에 여러 차례 자신에 대한 비관론자들이 틀렸음을 입증시키기도 했다. 그는 메타의 미래는 메타버스에 달려있음을 분명히 강조하고 있다. 하지만 시카고대의 컴퓨터공학 교수 벤 자오는 “일일 사용자들이 메타버스를 사용할 준비가 돼있는지가 관건”이라며 아직 전망이 불투명한 상태라고 말했다.,https://n.news.naver.com/mnews/article/014/0004907359,최악 컴퓨터공학 페이스북 스캔들
2022-10-02 10:56:30,글로벌 경제,한국경제TV ,가파른 긴축에 세계 채권·주식 가치 6.3경원 줄어,세계 각국 중앙은행이 금리를 급격히 인상하면서 세계 채권과 주식 가치가 큰 폭으로 줄어든 것으로 나타났다. 2일 일본 니혼게이자이신문 닛케이 은 지난 4∼9월 세계 채권과 주식 가치가 총 44조 달러 약 6경3천400조원 줄어들었다고 보도했다. 국제결제은행 BIS 과 블룸버그 세계채권종합지수에 따르면 세계 채권 잔고는 이 기간 20조 달러 줄어든 125조 달러를 기록했다. 이는 반기 기준으로는 확인 가능한 1990년 이후 가장 큰 감소액이다. 인플레이션을 잡기 위해 미국 연방준비제도 Fed·연준 등 세계 각국이 기준금리를 대폭 인상하면서 채권 가격은 급락했다. 금리 급상승이 경기후퇴로 이어질 것이라는 우려 때문에 주가도 지난달 말까지 큰 폭으로 떨어졌다. 닛케이가 금융정보업체인 퀵·팩트 세트 자료를 토대로 세계 주식 시가총액을 확인한 결과 이 기간 110조 달러에서 86조 달러로 24조 달러 줄었다. 이 감소 폭은 리먼 쇼크 세계금융위기 직후인 2008년 10월∼2009년 3월 11조 달러 감소 을 웃돌며 2001년 이후 최대로 나타났다. 채권과 주식에서 줄어든 총 44조 달러는 세계 국내총생산 GDP 의 절반에 해당한다. 닛케이는 이런 상황으로 정부와 기업의 자금 조달이 어려워지고 저금리하에서 팽창한 세계 채무 문제에 불을 붙일 위험이 있다 고 지적했다. 레이얼 브레이너드 미 연준 부의장은 최근 국가 부채 또는 기업 부채가 높은 나라들에서 높은 금리가 채무 상환 부담을 늘리는 등 추가적인 충격이 일어나 금융 취약성이 심해질 가능성에 주목하고 있다 며 일부 이머징마켓 국가에서는 높은 금리가 선진국들의 수요 약화와 맞물려 자본 유출 압력을 키울 수 있다 고 우려했다.,https://n.news.naver.com/mnews/article/215/0001057481,인플레이션 일본 취약성 신문 중앙은행
2022-10-02 10:01:17,글로벌 경제,뉴스1 ,블룸버그 “韓 IMF 이후 최장기 무역적자 세계 침체 경고등”,해당 기사 블룸버그 갈무리 서울 뉴스1 박형기 기자 한국이 1997년 국제통화기금 IMF 위기 이후 최장기 무역적자를 기록하고 있다고 블룸버그통신이 1일 현지시간 보도했다. 우크라이나 전쟁 등으로 인한 에너지 및 원자재 가격 상승으로 수입이 수출을 계속 웃돌고 있어서다. 1일 산업통상자원부에 따르면 9월 한국은 37억7000만 달러의 무역적자를 기록했다. 수입은 전년 대비 18.6% 증가한데 비해 수출은 2.8% 증가에 그쳤다. 수출이 준 것은 글로벌 경기 침체 가능성이 높아지면서 수요가 급락하고 있기 때문으로 풀이된다. 특히 반도체 수출액은 8월 26개월 만에 감소세로 전환되면서 전년 대비 7.8% 하락했다. 이에 비해 원유 등 각종 원자재 가격은 고공비행을 계속하고 있다. 무역적자가 6개월 연속 지속된 것은 지난 1997년 IMF 위기 이후 처음이다. 블룸버그는 글로벌 경기침체 우려로 수요가 줄어 한국의 수출이 급락하고 있는 것은 글로벌 경기침체의 경고등이라고 전했다.,https://n.news.naver.com/mnews/article/421/0006368748,무역적자 우크라이나 증가 전쟁
2022-10-02 10:00:00,글로벌 경제,아시아경제 ,숙면은 곧 생산성 기업이 직원의 잠을 신경 써야하는 이유찐비트,아마존 창업자 제프 베이조스 이미지출처 AP연합뉴스 아마존 창업자 제프 베이조스는 8시간 수면 에 집착한다고 합니다. 8시간은 자야 생각을 더 잘할 수 있고 더 에너지가 있다. 내 기분이 더 좋다 고 해요. 베이조스가 중요한 결정을 내리기 가장 좋아하는 시간은 점심을 먹기 전인 오전 10시였다고 합니다. 8시간을 푹 잔 뒤 아침에 개운한 몸과 마음으로 고도의 집중력을 발휘할 수 있는 시간이었던 것이죠. CNBC방송에 따르면 베이조스는 2018년 한 공식 석상에서 만약 자신이 4시간만 자고 나머지 4시간을 일한다면 이라는 가정을 해보았는데요. 이렇게 되면 자신이 사용할 수 있는 생산적인 시간 productive hours 이 12시간에서 16시간으로 연장된다고 했어요. 그는 하루에 100개의 결정을 내린다고 한다면 4시간 연장으로 33개의 결정을 더 내릴 수 있다는 의미 라면서 하지만 이게 기존에 내리는 결정의 질을 떨어트리는 것을 감수할 정도의 가치가 있을까. 아마 아닐 거다 라고 했어요. 베이조스는 자신이 내리는 결정들이 향후 2 3년을 내다보고 내려야 하는 상황인 만큼 결정의 개수를 늘리기보다 결정의 질 자체를 향상하는 게 더욱 중요하다고 했고요. 그 바탕에는 8시간 수면이 있다고 강조한 겁니다. 베이조스 사례를 언급한 건 잠과 웰빙 생산성에 관해 이야기하기 위함인데요. 수면은 직원의 웰빙과 직결되는 요소죠. 코로나19 팬데믹 세계적 대유행 이후 전 세계가 삶과 업무 환경의 큰 변화를 겪으면서 직원의 웰빙에 대한 주목도가 커졌고 이러한 웰빙이 생산성에 미치는 영향에도 관심을 갖기 시작했죠. 오늘 찐비트에서 얘기해볼 부분은 바로 다양한 업무 형태 변화가 직원의 수면에 어떤 영향을 미치는가 하는 것입니다. 잠 못 자는 직원에 美 연간 63.4조원 사라져 우선 직원의 잠이 기업과 얼마나 연결돼 있는지를 들여다보고자 해요. 직원들이 잠을 잘 자지 못한 상태로 출근을 하게 되면 그만큼 업무에 집중하기가 어렵고 중요한 결정을 내릴 때도 영향을 줄 수 있겠죠. 직장에 대한 참여도나 만족도도 떨어질 수밖에 없습니다. 지난 3월 글로벌 여론조사업체 갤럽이 발표한 자료를 보면 미국 노동력의 7%가 수면 부족 문제에 시달리는 것으로 집계됐어요. 지난 1월 11 17일 18세 이상 성인 3035명을 대상으로 진행된 설문조사에서 최근 30일간 수면의 질이 어땠는지를 물어봤을 때 이렇게 나왔다는 건데요. 미국 내 근로자가 1억5500만명이라고 봤을 때 이 규모는 정규직 근로자 기준으로 1100만명 수준이라고 해요. 이들의 최근 한 달간 결근 일수를 살펴보니 평균 2.29일로 잘 잤다 고 응답한 직원 평균 0.91일 의 2배 이상이었던 것으로 나타났어요. 숙면이 어려운 직원들은 12개월 이내에 이직할 가능성도 높은 것으로 드러났는데요. 갤럽 여론조사에서 정규직 직장인 가운데 아주 숙면을 취했다 는 응답자의 12개월 내 이직률은 16%였는데 비교적 잘 잤다 는 직장인은 19% 잘 못 잤다 는 직장인은 22% 자기 어려웠다 는 직장인은 27%였다고 합니다. 갤럽은 모든 직장인이 이직해서 아주 잠을 깊이 자는 상태가 되면 미국 내에서 매해 발생하는 98만개 이상의 이직이 감소하고 미국 고용주들은 324억달러의 비용 절감을 하게 될 것 이라고 분석했어요. 갤럽은 이러한 점들을 모두 고려했을 때 미국에서 수면 부족으로 인해 발생하는 연간 생산성 손실이 440억달러 이상이라고 추정했는데요. 갤럽은 직장에서 웰빙 문화를 받아들이는 리더들에게 웰빙과 관련한 개입 프로그램 내에서 수면의 중요성을 높이는 것은 수면 부족인 직원들의 비율을 고려할 때 상당한 투자 수익을 가져다줄 것 이라고 강조했는데요. 이어 수면을 직원들의 웰빙 향상을 위한 중요한 메커니즘으로 다룸으로써 고용주들이 직원들의 삶의 질을 높일 뿐 아니라 사업적 결과를 잘 낼 수 있게끔 할 것 이라고 덧붙였습니다. 업무 유연성 확대 수면에 좋을까 나쁠까 팬데믹 이후 전 세계 곳곳에서는 다양한 근무 형태의 변화를 위한 실험이 진행되고 있죠. 직원들의 웰빙과 숙면도 고려할 수밖에 없는 부분인데요. 지금부터는 업무 형태의 변화가 직원의 잠에 어떤 영향을 줬는지 연구 결과를 살펴보고자 합니다. 코로나19 사태로 각국에서 봉쇄 조처를 하면서 재택근무가 확산했고 직장인의 삶에도 큰 영향을 주게 됐는데요. 통근하던 직장인들이 집에서 일하며 생활과 업무를 한 공간에서 하다 보니 수면 패턴도 영향을 받을 수밖에 없었습니다. 이렇게 등장하게 된 단어가 바로 코로나 불면증 corona somnia 이었는데요. 코로나19 사태 초기에는 사회 전체가 불안감이 높아진 데다 외부 활동이 극도로 줄어들고 24시간 생활 패턴 자체가 모두 흔들렸죠. 그 속에서 수면장애를 호소하는 직장인들이 크게 늘었던 겁니다. 지난해 4월 미국 수면의학학회가 미국 성인 2000여명을 대상으로 설문 조사한 결과 응답자의 56%가 팬데믹 이후 수면 장애를 경험했다고 답했어요. 그런데 올해 초 재밌는 연구 결과가 나왔어요. 미국 최대 의료재단 카이저 파운데이션이 운영하는 카이저헬스뉴스 KHN 에 따르면 이탈리아 라퀼라대가 2020년 이탈리아 직장인 900여명을 대상으로 진행된 설문 조사해 지난 2월 공개한 내용을 살펴보니 업무의 유연성이 확대되자 저녁형 인간 들의 삶이 개선됐다는 겁니다. 기존에 오전 9시부터 오후 5시까지 일해야 했던 이들의 취침·기상 시간이 늦춰졌고 수면의 양과 질도 향상된 것이죠. 이렇게 되면서 우울증과 불면증 증상이 완화했다고 합니다. 업무 성과도 향상될 수 있겠죠 수면 건강을 연구하는 켈리 바론 미국 유타대 교수는 KHN에 팬데믹은 근무 시간과 환경이 변할 때 수면이 어떻게 변하는지 이해하기 위한 전 세계적인 실험이 됐다 면서 최적의 근무 시간에 일할 수 있다면 직원들의 성과가 더 좋아질 것 이라고 평가했어요. 주 4일제 했더니 매일 수면 시간 1시간 늘었다 영국 미국 등에서 주 4일 근무제 실험이 진행되고 있죠. 주 4일 근무제가 도입됐을 때 직원들의 하루 수면시간이 1시간 늘어나는 양상을 보였다는 실험 결과가 나왔는데요. 블룸버그통신에 따르면 줄리엣 쇼어 미국 보스턴칼리지 교수 연구팀이 비영리단체 포데이위크글로벌 이 진행 중인 주 4일 근무제 시범프로그램 참가 기업 미국·호주·아일랜드 등 16곳의 직장인 304명을 대상으로 설문 조사한 결과 이들의 수면시간이 평균 하루 7.58시간으로 조사됐다고 해요. 이는 주 5일로 근무할 때보다 약 1시간 늘어난 것으로 근무제 변화로 줄어든 근무시간 8시간 중 7시간은 잠에 사용했다는 의미인데요. 쇼어 교수는 이 조사에서 주 4일 근무제 근로자의 경우 밤에 자는 시간이 7시간 미만으로 수면 부족 에 해당하는 비율이 42.6%에서 14.5%로 급감했다고 밝혔습니다. 그는 주 4일 근무제가 삶의 만족도 일과 가정의 조화 등 웰빙과 생산성 측면에서도 긍정적인 영향을 주는 것으로 나타났다면서 그 바탕에 수면시간 증가가 있었을 것으로 봤어요. 이와 관련해 크리스토퍼 반스 미 워싱턴대 경영대학원 교수는 수면 부족이 비윤리적 행동 업무 관여도 저하 동료들에 대해 비협조적인 행동 더 공격적·가학적인 리더십 경향 등을 유발한다는 연구성과가 있다고 소개했어요. 그는 수면과 일은 일종의 경쟁 관계다. 일을 위해 수면시간을 줄이면 건강을 해칠 수 있으며 업무 성과도 떨어질 수 있다 고 강조했어요. 지금은 직원의 웰빙이 곧 기업의 생산성으로 연결되는 시대입니다. 찐비트에서 살펴봤듯 업무 형태의 변화에 따라 직원의 잠은 영향을 받는다는 점을 꼭 염두에 두어야 할 것입니다. 잠이 보약 이라는 말 직원 개인뿐 아니라 기업에도 적용되는 말 아닐까요 편집자주 찐비트 는 ‘정현진의 비즈니스트렌드’이자 ‘진짜 비즈니스트렌드’의 줄임말입니다. 팬데믹 이후 조직문화 인사제도와 같은 일 Work 의 변화 트렌드를 보여주는 코너입니다. 그동안 주목받지 못했던 외신과 해외 주요 기관들의 분석 등을 토대로 신선하고 차별화된 정보와 시각을 전달드리겠습니다.,https://n.news.naver.com/mnews/article/277/0005155892,수면시간 윤리 비즈니스 이탈리아 공격
2022-10-02 07:25:00,글로벌 경제,머니투데이 ,치솟는 불확실성…4분기 전망 더 어두워지고 있다 월가시각,Raindrops hang on a sign for Wall Street outside the New York Stock Exchange in Manhaan in New York City New York U.S. October 26 2020. REUTERS Mike Segar File Photo 거시적 불확실성이 급격히 증가하고 있다. 4분기 증시 전망은 더욱 어두워지고 있다 월스트리트는 4분기 증시가 예측하기 어려운 힘든 시간을 보낼 수 있다고 내다보고 있다. 복합한 경제여건과 공격적인 중앙은행의 긴축 정책 지정학적 불확실성이 증시에 부담을 주고 있고 미 달러화를 계속 끌어올리고 있다. 인플레이션은 계속 치솟고 있어 중앙은행들의 금리인상은 당분간 지속될 전망이다. 블랙록의 릭 라이더 글로벌 채권부문 최고투자책임자 CIO 는 CNBC에 시장은 항상 보트의 가장 가까운 상어에 초점을 맞추고 있다 며 요새 많은 상어들이 주변을 멤돌고 있는 중 이라고 말했다. 뉴욕증시 3대 지수는 최근 3분기 연속 하락했다. 이로써 S P500과 나스닥지수는 2009년 3월 이후 최장기간 연속 하락을 기록했다. 다우지수는 지난 금요일 2020년 11월 이후 처음으로 종가 기준 2만9000선이 깨졌다. 라이더 CIO는 향후 몇 달 동안 투자자들이 △영국의 재정문제 해결 △중국 공산당 제20차 회의 △유럽 에너지 위기 등에 초점을 맞춰 예의주시해야 할 것이라고 예고했다. 이어 앞으로 2 3개월은 거시환경이 어디로 가고 있는지 알려주는 정보로 가득 찰 것 같다 고 덧붙였다. 런던 AFP 뉴스1 김성식 기자 26일 현지시간 영국 런던에서 달러 대비 파운드화 가치가 장중 약 5% 가까이 하락하며 1.0327 달러까지 밀리는 등 사상 최저치를 기록했다. 지난 23일 콰시 콰르텡 영국 재무장관이 경기 부양을 위한 대규모 감세정책과 긴축예산안을 발표했으나 외환시장에선 영국의 경기 침체에 대한 우려가 커지고 있다. ⓒ AFP 뉴스1 Copyright C 뉴스1. All rights reserved. 무단 전재 및 재배포 금지. 높은 인플레이션에 시달리고 있는 영국은 최근 재정정책을 놓고 큰 혼란이 벌어졌고 파운드화는 달러 대비 사상 최저치를 기록했다. 영국 정부는 최근 대규모 감세정책을 발표했는데 이는 정부의 계획이 인플레이션을 더욱 자극할 것이라는 우려를 불러일으켰고 영국 중앙은행의 금리인상 정책과 정면으로 충돌했다. 중국 공산당은 차기 지도부 및 정책방향을 결정하기 위해 10월16일 제20차 회의를 열 예정이다. 시진핑 현 국가주석이 자리를 유지할 것이라는 전망이 우세하지만 일각에선 개각설이 돌기도 했다. 록펠러 글로벌 패밀리오피스의 지미 창 최고투자책임자는 시 주석은 여전히 권좌에 있을 것 이라며 지금은 아마도 다양한 파벌들이 자리를 놓고 다투는 가장 치열한 시기일 것 이라고 전망했다. 모스크바 AP 뉴시스 블라디미르 푸틴 가운데 러시아 대통령이 지난달 30일 현지시간 모스크바 붉은광장에서 열린 우크라이나 점령지 병합 기념행사에 참석해 데니스 푸실린 왼쪽 도네츠크인민공화국 DPR 수반 블라디미르 살도 헤르손 지역 수반이 웃으며 바라보는 가운데 손을 흔들며 인사하고 있다. 2022.10.01. 러시아의 우크라이나 침공으로 올 겨울 유럽의 에너지 사정이 위기를 맞을 수 있다는 관측도 시장이 주목하는 이슈다. 특히 우크라이나에서의 전쟁 상황은 불확실성을 증폭하고 있다. RBC의 헤리마 크로프트 글로벌상품전략 헤드는 시장이 계속해서 모스코바의 위협을 과소평가하고 있다 며 시장은 블라드미르 푸틴 러시아 대통령 보다 제이 파월 연준 의장 을 더 두려워하고 있는데 이는 핵무기 보유국인 러시아에 대한 올바른 평가가 아니다 고 주장했다. 이처럼 증시를 둘러싼 주변환경은 어둡지만 단기적인 반등이 나올 수 있다는 관측도 있다. CFRA의 샘 스토발 최고투자전략가는 최근 시장이 과매도 상태가 되면서 단기 랠리가 나올 수 있는 상황 이라며 하지만 그 랠리가 얼마나 오래 지속될 지 그리고 투자자들이 랠리 기간 중 매도에 나서서 얼마나 일찍 그것을 끝낼 지 예측하기 어렵다 고 말했다. 통상 10월은 반전의 달 즉 약세장 끝내기 의 시기로 불린다. 마켓워치에 따르면 주식 트레이더 연감의 제프 허쉬 에디터는 2차 세계대전 이후 12번의 약세장이 10월에 끝났다 며 특히 중간선거가 있는 해의 10월은 완벽한 시기 라고 밝혔다. 미국은 오는 11월8일 중간선거를 앞두고 있다. 하지만 시장의 표정은 밝지 않다. 에버딘의 랄프 바셋 투자책임자는 이런 역학관계는 좀 더 정상화된 해에만 작동할 수 있다 며 지금은 너무나 많은 이유로 매우 이례적인 시기 라고 진단했다. 아메리프라이즈 파이낸셜의 앤서니 새글림베네 최고시장전략가는 주식을 밀어내는 거시적 힘이 있는데 시장은 이를 더욱 명확히 볼 필요가 있다 며 하지만 솔직히 말해 적어도 앞으로 몇 달 동안은 가시성이 얼마 되지 않을 것 같다 고 말했다. 시장이 이번주 확인해야 할 수치는 오는 7일 나올 9월 고용 보고서 다. 연준에게 일자리 데이터는 인플레이션 수치와 함께 금리를 얼마나 많이 그리고 얼마나 빨리 올릴 지를 판단하는 기준이다.,https://n.news.naver.com/mnews/article/008/0004801249,월스트리트 우려 우크라이나 핵무기 공격
2022-10-02 06:01:02,글로벌 경제,파이낸셜뉴스 ,애플카 25년 샤오미카 24년 글로벌IT 전기차 개발 속도전,애플 팬데믹으로 접었던 애플카 재점화 소니도 혼다와 전기차 합작사 연내 출범 폭스콘은 이미 美 공장 사들여 위탁생산 샤오미는 2024년 양산 목표로 투자확대 2021년 6월 1일 미국 오하이오주 로드타운에 위치한 전기차 공장에서 미 전기차 업체 로드타운모터스의 인듀어런스 시제품이 조립되고 있다. 로이터 뉴스1 파이낸셜뉴스 과거 전기자동차를 만들겠다고 선언했던 다국적 정보기술 IT 기업들이 코로나19의 세계적 대유행 팬데믹 극복하고 올해 연말부터 본격적으로 개발 속도를 높일 예정이다. 미국의 애플과 대만의 훙하이정밀 폭스콘 중국의 샤오미 일본의 소니 등이 내년 이후 양산을 목표로 달리는 가운데 일부 기업은 이미 공장을 사서 위탁생산을 시작했다. 애플카 연말부터 프로젝트팀 재가동 자동차 업계에서 상상한 애플카 콘셉트 이미지. 뉴스1 애플 정보를 미리 내놓기로 유명한 대만의 궈밍치 TF인터내셔널증권 애널리스트는 9월 29일 자신의 트위터를 통해 최근 조사 결과 애플이 올해 안에 새로운 애플카 프로젝트팀을 꾸릴 것이다 고 적었다. 미 애플 전문 매체인 애플인사이더는 궈밍치의 조사에 대해 애플 내부가 아닌 애플에 공급하는 업계에서 취합한 정보라고 추정했다. 같은날 미 IT 매체 나인투파이브맥은 캘리포니아주 교통국 자료를 인용해 애플이 자율주행시험용으로 등록한 차량이 69대이며 최근 15명을 새로 고용해 테스트 드라이버 숫자를 180명으로 늘렸다고 보도했다. 애플의 시험 주행 규모는 구글의 자율주행자동차 개발을 담당하는 웨이모가 1057명의 드라이버 및 285대의 차량으로 진행하는 수준에 비하면 작지만 꾸준히 늘어나고 있다. 애플은 지난 2014년부터 타이탄 프로젝트를 신설하고 자율주행 전기차를 연구하기 시작했다. 애플은 애초에 차를 직접 만들 계획이었으나 2016년에 결국 테슬라를 이길 수 없다고 판단했다. 애플의 팀 쿡 최고경영자 CEO 는 지난 2017년 발표에서 자동차 개발을 인정하면서 완성차보다는 자율주행 통제 시스템에 집중하겠다고 밝혔다. 그러나 주요 외신들은 지난해 1월 애플이 애플카를 만들어줄 완성차 업체들과 협상중이라고 보도했다. 해당 협상은 결국 완성차 업체의 거부로 무산된 것으로 알려졌다. 그 사이 애플카를 개발하던 핵심 인력들이 연이어 퇴사했으며 업계에서는 애플이 팬데믹을 거치면서 애플카 개발을 우선순위에서 제외했다고 분석했다. 애플은 이러한 관측에도 불구하고 지난 5월 포드의 핵심 엔지니어링 임원이었던 데시 우즈카셰비치를 영입하며 애플카 프로젝트가 끝나지 않았다고 시사했다. 현재 궈밍치를 비롯한 TF증권 관계자들은 애플이 2025 2027년 사이에 애플카를 출시할 수 있다고 보고 있다. 지난 2일 발표된 설문 결과에 따르면 애플은 미국의 신차 구매자 20만명이 평가한 자동차 브랜드 순위에서 3위를 차지해 테슬라를 앞질렀다. 대만·중국·일본 기업들도 맹추격 2021년 10월 18일 대만 타이페이에서 공개된 폭스트론의 모델 C 시제 차량.AP뉴시스 애플을 제치고 벌써 전기차를 만드는 IT 기업도 있다. 미 전기 트럭 창업초기기업 스타트업 인 로드타운모터스는 9월 29일 발표에서 전기 트럭 인듀어런스 양산을 시작했다고 밝혔다. 해당 모델은 오하이오주의 폭스콘 공장에서 생산된다. 로드타운모터스는 지난해 11월 자금난을 이유로 자사의 오하이오주 공장을 폭스콘에 팔았다. 폭스콘은 협력관계인 다른 미 스타트업 피스커의 전기차도 함께 생산할 계획이다. 애플의 스마트기기 제조사로 유명한 폭스콘은 2019년에 전기차 시장 진출을 선언했으며 이후 대만 최대 자동차 그룹인 위롱과 합작으로 전기차 브랜드 폭스트론 을 출범시켰다. 자체 전기차 플랫폼을 장착한 폭스트론은 2023년에 첫 양산차를 판매할 계획이다. 폭스트론의 전기 SUV 럭스젠 n7 의 사전 예약은 1만대 이상 주문이 몰리면서 이달 조기 종료됐다. 폭스콘은 지난해 태국석유공사와 합작으로 태국 전기차 공장 건설에 합의했고 2024년부터 5만대의 차량을 생산할 계획이다. 지난 1월 4일 미국 네바다주 라스베이거스에서 열린 전자제품박람회 CES 에서 공개된 소니의 전기 SUV 비전 S 02 . AP뉴시스 최근 스마트폰 시장에서 애플 등 다른 제조사에 고전하고 있는 중국 샤오미도 지난해 3월 전기차 시장 진출을 선언하고 같은해 9월 전기차 자회사인 샤오미기차유한공사 를 설립했다. 샤오미자동차는 베이징 근교에 본사와 공장을 세우고 2024년 상반기부터 전기차 양산을 시작해 생산 능력을 연간 30만대로 끌어 올리겠다고 밝혔다. 샤오미의 레이쥔 최고경영자 CEO 는 지난 9월 8일 자신의 트위터에 테슬라는 우리보다 10년 이상 앞서 전기차 시장에 진출했다 며 누군가는 우리가 이미 기회를 놓쳤다고 생각하겠지만 나는 동의하지 않는다 라고 적었다. 그는 경주는 이제 시작되었을 뿐이며 샤오미에게도 기회가 많다 고 강조했다. 샤오미 외에 바이두 알리바바 같은 중국 IT 기업들도 전기차 시장 진출을 선언했으며 스마트폰 업체 오포는 인도에서 먼저 전기 스쿠터를 출시하기로 했다. 일본에서도 경쟁자가 있다. 소니는 지난 3월 발표에서 혼다 자동차와 협력해 전기차 산업에 뛰어든다고 밝혔다. 양사는 올해 안에 ‘소니·혼다모빌리티 주식회사 라는 합자 회사를 설립하고 2025년부터 전기차 판매를 시작한다고 예고했다. 혼다가 자동차 생산을 전담하면 소니는 자율주행 기술 및 차량 내 엔터테인먼트 서비스에 집중할 계획이다.,https://n.news.naver.com/mnews/article/014/0004907276,설립 전기자동차 일본 타이탄 트위터
2022-10-02 05:54:02,글로벌 경제,파이낸셜뉴스 ,맥도날드·스타벅스 미 캘리포니아 임금인상법 반대 주민투표 추진,파이낸셜뉴스 미국 캘리포니아주 패스트푸드 업체들이 내년부터 최저시급을 22달러로 올리는 법 시행을 막기 위해 1270만달러를 모금했다. 캘리포니아 주도인 새크라멘토의 주의회 앞에서 8월 16일 현지시간 패스트푸드 업계 노동자들이 시급 인상이 포함된 패스프 회복법 통과를 촉구하는 시위를 하고 있다. AP연합 맥도날드 스타벅스 시폴레 멕시칸그릴 KFC 등 대형 외식 체인들이 내년부터 패스트푸드 업계 최저임금을 최고 시간당 22달러로 올리는 법 시행을 앞두고 대대적인 반대 캠페인에 나섰다. 월스트리트저널 WSJ 은 1일 이하 현지시간 이들 대형 패스트푸드 체인들로 구성된 이른바 지역 식당 살리기 연합이 전날 지금까지 1270만달러를 모금했다고 밝혔다고 보도했다. 이들은 이 돈을 패스트 회복법 이라고 이름 붙은 패스트푸드점 최저임금 대규모 인상법에 반대하기 위한 투쟁에 투입할 계획이다. 체인 본사들이 990만달러 프랜차이즈 매장 소유주들이 200만달러를 냈고 나머지는 관련 재계단체에서 지원을 받았다고 연합은 밝혔다. 스타벅스 인앤아웃버거 시폴레가 각각 200만달러 KFC와 타코벨 모기업인 염브랜즈가 100만달러를 기부했다. 맥도널드는 약 36만달러를 냈고 버거킹 서브웨이 도미노피자가 각각 25만달러 웬디스는 15만달러를 기부한 것으로 확인됐다. 지역식당살리기 연합은 이 돈으로 우선 내년 1월 1일부터 적용되는 법 시행을 늦추고 2024년에는 법을 영구적으로 폐기하기 위한 주민투표를 실시토록 캠페인을 벌일 계획이다. 주민투표를 위해서는 주민들의 청원 서명이 필요해 이 작업에만 막대한 돈이 들어갈 전망이다. 또 법 시행을 막기 위한 청원 역시 돈이 드는 캠페인이다. 재계단체인 인터내셔널프랜차이즈협회의 매튜 홀러 사장은 새 법이 시행되는 그 비용을 캘리포니아 주민들이 부담하게 된다 면서 따라서 이를 지속할지 여부에 대해 주민들이 말 할 수 있도록 하는 것이 유일한 올바른 길 이라고 말했다. 민주당의 개빈 뉴섬 캘리포니아 주지사는 지난달 5일 법안에 서명한 바 있다. 현재 캘리포니아 최저임금은 시간당 15달러로 내년에 50센트 오른다. 내년 1월 1일부터 시행되는 새 법에서는 그러나 직원 노조 대표 고용주 재계단체 등으로 구성된 10인 위원회를 만들어 패스트푸드 산업 노동자들의 최저임금을 최고 22달러까지 올릴 수 있도록 하고 있다. 22달러로 오르게 되면 이 임금은 이후 매년 인플레이션 물가상승 에 맞춰 오르게 된다. 이 법은 미 전역에 100개 이상 매장을 갖고 있는 패스트푸드 체인에 적용된다. 아울러 이 법은 패스트푸드 체인이 불만을 제기한 직원에게 보복할 수 없도록 하고 있다. 한편 이 법안 시행을 유예하려면 우선 12월 4일까지 유권자 약 62만3000명의 서명을 받아야 한다. 또 그렇게 되면 2024년 11월 주민투표를 치를 수 있다. 주민투표를 통해 법을 폐기할 수도 있다.,https://n.news.naver.com/mnews/article/014/0004907275,맥도날드 투쟁 캘리포니아주 최저임금
2022-10-02 05:06:01,글로벌 경제,데일리안 ,‘習의 야심작’ 일대일로 사업에 메스 대는 중국 그 속내는 김규환의 핸디 차이나,美 WSJ “中 대대적인 구조개혁 개시” 보도 중국 해외 부실대출 비율은 5%→60% 급등 채무함정 비난 속 투자금 회수도 쉽지않아 일대일로 개도국들에 엄격한 대출심사 시작 파키스탄을 방문한 시진핑 왼쪽 중국 국가주석이 지난 2015년 4월20일 나와즈 샤리프 파키스탄 총리와 정상회담에서 경제회랑 건설과 관련한 30여개 양해각서 MOU 등 모두 50여개의 양자 협력관계에 관한 MOU를 체결한 뒤 악수를 하고 있다. ⓒ신화 뉴시스 데일리안 김규환 국제에디터 중국이 글로벌 영향력을 확대하기 위해 추진하는 ‘일대일로 一帶一路·육해상 실크로드 프로젝트’에 대해 대대적인 수술작업에 들어갔다. 이 사업에 무려 1조 달러 약 1440조원 규모의 자금을 퍼붓고도 자금지원을 받은 개발도상국들을 ‘채무함정’에 빠뜨렸다는 비난과 함께 ‘킹달러’와 글로벌 경기침체로 이들 나라가 디폴트 채무불이행 라는 최악의 상황으로 치달으면서 투자금 회수마저 불투명해진 만큼 전략수정이 불가피해진 것이다. 중국의 일대일로 자금지원을 받은 아시아와 아프리카 중남미의 개도국들이 차관 상환에 극심한 어려움을 겪는 데다 중국 경제의 불확실성마저 커지면서 중국 정부기 일대일로 프로젝트에 대한 전면 재검토 작업에 나섰다고 미국 월스트리트저널 WSJ 이 지난 26일 보도했다. 시진핑 習近平 국가주석이 야심차게 밀어붙이는 일대일로 Belt and Road Initiative 프로젝트는 중국이 개도국에 철도와 도로 항만 등 인프라 SOC 를 건설해 주고 해당 국가와 경제·외교관계를 돈독히 하는 사업이다. 실상은 과잉 생산·자본의 위기에 빠진 중국이 대규모 투자를 통해 해외의 새로운 시장과 원료 공급기지를 확보하는 한편 국제적 영향력을 확대하려는 의도가 깔려 있다. 이 프로젝트는 시 주석이 2013년 카자흐스탄 등을 순방할 때 처음 주창했다. 중국은 현재 우리나라를 포함한 149개국 32개 국제기구가와 일대일로 관련협약을 맺었다. 높은 수익률을 원하는 중국 금융기관 포화된 국내시장을 벗어나려는 국유건설업체들도 적극 동참했다. 중국은 자금력을 앞세워 돈을 빌려주고 부족한 인프라 건설을 지원했으며 서방국 주도의 국제기구처럼 까다로운 조건을 달지도 않았다. 개도국들이 중국의 유혹을 선뜻 넘어간 이유다. 2000 2012년 중국의 국제 개발금융은 연평균 300억 달러 규모로 미국과 비슷한 수준이었다. 하지만 일대일로 사업이 시작된 2013년부터 2017년까지는 연평균 1000억 달러에 육박해 미국을 크게 앞질렀다. 지난 15일 스리랑카 수도 콜롬보 시내에서 여성 인권활동가들이 모여 기초식품 가격 인상에 항의하는 시위를 벌이고 있다. ⓒEPA 연합뉴스 대표적인 일대일로 프로젝트는 파키스탄 카롯 수력발전소와 스리랑카 함반토타 항만 중국·라오스 철도 중·파키스탄 경제회랑 건설 등 아시아 주변국뿐 아니라 유럽에서 친중 親中 국가로 꼽히는 헝가리·세르비아 철도사업 등이 꼽힌다. 중국은 이를 “상대국의 행복과 발전을 원하는 중국”의 외교성과로 널리 홍보했다. 그러나 일대일로 자금지원을 받은 일부 개도국들이 내정 문제로 혼란에 빠지고 빚을 갚지 못하면서 사업은 차질을 빚었다. 당초 자금사정이 좋지 않던 이들 국가가 경제마저 악화되며 부채상환을 하지 못하는 상황에 직면한 것이다. 국가부채를 연구해온 세바스찬 혼 카르멘 라인하트 등 서방 경제학자들은 2010년 5%에 불과했던 중국의 해외 부실대출액 비율이 60%까지 치솟았다고 지적했다. 세계은행에 따르면 올해 연말까지 최빈국 74개국이 상환해야 할 채무 규모는 350억 달러에 달한다. 이 중 40% 이상이 대중 부채다. 이 때문에 서방은 일대일로 사업을 놓고 ‘채무의 함정’을 만든다고 공격하자 중국 정부는 “완전히 거짓말이다. 일대일로는 실질적인 이익을 가져다줬다”고 맞받아쳤다. 하지만 2020년 초 코로나19 사태가 발생하고 올 들어 미국의 가파른 금리인상까지 겹쳐 개도국 경제가 크게 휘청대고 있다. 이에 따라 스리랑카 등 일대일로 국가들은 하나둘 디폴트를 선언했다. 스리랑카의 경우 2017년 함반토타 항구건설 과정에서 진 14억 달러의 빚을 갚지 못해 중국항만공사에 99년간의 운영권을 넘긴 바 있다. 스리랑카는 코로나19로 주력 관광산업이 붕괴하며 극심한 경제난에 시달려 왔고 결국 올해 5월 디폴트에 빠졌다. 스리랑카의 대외부채 규모는 510억 달러에 이른다. 잠비아는 루사카에 국제공항을 확장하기 위해 3억 5000만 달러 규모의 프로젝트를 가동하는 등 부채를 늘리다 국내총생산 GDP 대비 공공부채가 2010년 19%에서 2020년 120%로 폭등했다. 2020년 11월 디폴트를 선언했고 국제통화기금 IMF 구제금융 등 국제 지원을 요청했다. IMF는 지난달 13억 달러 규모의 구제금융 지원을 약속했다. 잠비아는 지난해 말 기준 173억 달러 규모의 대외부채를 안고 있는데 대중 채무가 3분의 1쯤 된다. 중국이 제작한 고속열차 차량이 지난 2일 인도네시아 자카르타 탄중프리오크 항구에서 하역되고 있다. 인도네시아 고속철 사업은 중국의 대표적인 일대일로 프로젝트로 꼽힌다. ⓒ로이터 연합뉴스 올들어 최악의 홍수피해를 입은 파키스탄 역시 지난달 유엔으로부터 인도적 지원과 피해복구를 위한 1억 6000만 달러를 긴급 지원 받기로 했다. IMF도 파키스탄의 디폴트를 막기 위해 11억 달러 규모의 구제금융 지원을 승인했다. 장기간 경상수지 적자로 대외부채가 많은 파키스탄은 코로나19 사태에 이어 러시아의 우크라이나 침공 후 에너지·식량가격이 지난해보다 45%나 급등하면서 심각한 경제난에 처했다. 외환보유고는 한 달치 수입대금을 겨우 결제할 수 있는 86억 달러에 불과한 것으로 알려졌다. 돈을 빌려준 국가들이 줄줄이 빚더미에 앉으면서 중국도 곤경에 빠졌다. 원금 회수가 요원해지자 중국은 신규 대출심사에 신중을 기하기 시작한 것이다. 중국 은행들은 이미 기존 대출 포트폴리오를 정리하는 데 주력하면서 개도국의 신규 프로젝트에 대한 대출을 대폭 줄이고 있다. 미 조지메이슨대 연구기관인 메르카투스센터의 중웨이펑 鍾偉峰 선임연구원은 “과거에는 중국이 대출 대상 수혜국에 경제적 이익을 선전했지만 지금은 위험관리와 국제협력의 개선을 강조하고 있다”며 “중국이 일대일로 방향 수정을 시도하고 있다”고 말했다. WSJ은 중국 내에서조차 일대일로 사업이 “점점 복잡해지고 있다”는 인식이 퍼지고 있으며 위험부담을 줄이려면 국제사회와 협력을 강화해야 한다는 목소리가 나온다고 전했다. 중국은 그동안 디폴트를 선언한 개도국과 채무 재조정 협상을 할 때도 다른 서방 채권자들과 연대하는 것을 금기시했고 빚 탕감은 해주지 않은 채 만기를 연장해 원금을 모두 갚으라고 요구했다. 로이터통신은 “세계 2위 경제대국인 중국은 개도국에 대한 지배적인 대출기관”이라며 “중국 정부는 어려움에 처한 개도국과 대출조건 조정이나 재협상을 하는 것에 대해서도 소극적”이라고 비판했다. 전문가들은 일대일로의 대출심사가 엄격해지면 그만큼 개도국 대출수요도 줄어드는 탓에 중국이 일대일로를 확장하려면 새로운 길을 모색해야 한다고 강조했다. 브래드 세서 미국 외교협회의 선임연구원은 “일대일로 사업이 중국의 영향력 확대에 중요성을 지속하려면 중국은 대출 위주에서 벗어나 다른 지원 방안을 찾아야 한다”고 조언했다. ⓒ자료 중국 정부 연합뉴스 외신종합 사정이 이렇다 보니 중국은 서방 채권단과 함께 부채를 탕감해주는 등 채무 재조정 협상에 임하고 있다. 중국은 디폴트를 선언한 스리랑카는 물론 아프리카 국가인 차드 에티오피아 잠비아 등과 부채 감면 협상을 진행 중인 것으로 전해진다. 2020년 잠비아가 30억 달러의 외채를 갚지 못했을 때 채무 재조정을 거부한 중국이 최근에는 프랑스 등과 함께 170억 달러 규모의 잠비아 채무 재조정 협상을 진행하는 것이 대표적인 예다. 중국은 한사코 참여를 거부해 온 국제적 채무 구조조정 프로젝트인 ‘파리클럽’에 참여하는 것도 협상하고 있다. 파리클럽은 선진국 중심으로 결성된 비공식 그룹으로 저개발국을 지원하고 있다. 중국 정부는 또 새로운 프로젝트에 자금을 조달하기 위해 아프리카계 은행과 같은 다자간 기구들과 협력하려는 신호도 보내고 있다. WSJ는 일대일로가 민간이나 아프리카개발은행 등 공적기관과 손잡고 대출을 해주는 등 다양한 방안을 강구하고 있다고 설명했다. 중국이 일대일로 사업과 관련해 어려움을 겪고 있다고 해서 이 사업을 접을 가능성은 없을 것으로 보인다. WSJ은 다음 달 16일 열리는 제20차 공산당 전국대표대회 당 대회 에서 시 주석이 3연임을 하고 나면 국제적 영향력을 확대할 일대일로 무대가 여전히 필요하기 때문이라고 분석했다.,https://n.news.naver.com/mnews/article/119/0002644466,국가부채 카자흐스탄 시위 외교 중국
2022-10-02 03:50:02,글로벌 경제,파이낸셜뉴스 ,구글애플 자동차 OS 놓고 물 밑 대결,파이낸셜뉴스 스마트폰 시장을 넘어 자동차 운영체제 OS 를 놓고 구글 안드로이드 오른쪽 와 애플 OS가 치열한 물 밑 경쟁을 벌이고 있다고 WSJ이 1일 현지시간 보도했다. 로이터뉴스1 앞으로 수 년 뒤에는 자동차를 구입할 때에도 마치 스마트폰을 사는 것처럼 구글의 안드로이드 운영체제 OS 가 깔린 자동차를 살지 아니면 애플 OS가 장착된 자동차를 살지 선택의 기로에 놓일 전망이다. 월스트리트저널 WSJ 은 1일 이하 현지시간 자동차 역시 스마트해지면서 OS가 중요해지고 있다면서 소비자들은 앞으로 자동차용 안드로이드 OS가 깔린 차를 택할지 아니면 애플의 자동차용 OS가 장착된 자동차를 구매할지를 놓고 고민하게 될 것이라고 전망했다. 또 그도 아니라면 자동차 회사들이 만든 제네릭 OS 장착 자동차 심지어 아마존 프라임의 OS가 장착된 차도 선택 대상이 될 수 있다고 전망했다. 달리는 스마트폰 자동차는 점점 스마트해지고 있다. 특히 전기차는 거의 달리는 스마트폰 으로 변모하고 있다. WSJ은 휴대폰 산업 초기에 나타났던 역학들이 현재 자동차 산업에서도 작동하기 시작했다고 지적했다. 구글과 애플간 자동차 OS 경쟁은 지난 2년 모멘텀이 확대됐다. 구글은 안드로이드 OS를 기반으로 한 자동차 버전 OS를 위해 자동차 업체들과 협력체계를 구축하고 있다. 자체 애플카를 준비 중인 애플도 자동차용 소프트웨어 확대를 진행 중이다. 자동차 업체들도 고심하고 있다. 한편으로는 구글 등과 협력하면서도 누가 OS 개발 주도권을 쥘지를 놓고 갈등하고 있다. 직접 실리콘밸리와 접촉해 자체 OS 개발에 나서기도 한다. 모바일 기기 앞으로는 자동차도 포함 지금까지 모바일 기기는 스마트폰 태블릿PC 스마트워치 등에 국한됐지만 앞으로는 모바일 기기 범주에 스마트 자동차도 포함될 전망이다. OS가 중요해지고 있기 때문이다. WSJ은 아직은 소비자들이 자동차에 어떤 OS가 들어가는지 관심이 없지만 점점 더 OS 민감도가 높아질 것이라고 예상했다. 소비자들이 앞으로 자신에게 더 익숙한 그러면서 기능이 더 많은 OS를 기반으로 한 자동차를 선택하게 가능성이 높다는 뜻이다. 자동차 소프트웨어는 알게 모르게 자동차의 성능을 결정하는 주요 변수 가운데 하나로 자리 잡고 있다. 운전자 보조 시스템으로 자동차 속도 등을 통제하고 브레이크를 밟았을 때 차가 정확하게 멈출 수 있도록 확실하게 하는 역할도 한다. 그러나 지금까지는 주로 자동차 OS 경쟁이 정보와 엔터테인먼트 기능이 합쳐진 이른바 인포테인먼트 시스템에 집중돼 있다. 내비게이션 지도부터 주행 중 영화 상영 같은 기능이다. 치고 나간 구글 구글은 안드로이드 오토 애플은 카플레이 OS를 개발했다. 안드로이드나 iOS가 깔린 스마트폰을 미러링하는 시스템이다. 구글은 여기서 한 발 더 나아가 2017년 안드로이드 오토모티브 자동차 를 발표했다. 자동차에 장착돼 빌트인 인포테인먼트 시스템을 직접 통제하는 OS다. 더 이상 스마트폰을 통한 미러링이 필요 없다. 마치 자동차에 안드로이드 태블릿 PC를 장착한 것 같은 수준이다. 구글은 자동차에 맞게 애플리케이션들도 개조했다. 자동차 업체들은 라이선스를 받아 구글 지도와 서비스도 고객들에게 제공할 수 있다. 안드로이드 오토모티브는 안드로이드 오토와 달리 속력 배터리 상태 냉난방 등 자동차 주행과 관련한 거의 모든 정보를 취합할 수 있다. 그동안 각 자동차 업체가 활용했던 마이크로소프트 MS 블랙베리 등의 시스템은 안드로이드 오토모티브로 빠르게 교체되고 있다. 구글은 포드 스텔란티스 혼다 BMW 르노 닛산 미쓰비시 3각 동맹 제너럴모터스 GM 산하 GMC와 쉐보레 등 10여개 자동차 브랜드와 협력체계를 구축했다. 고급 전기차 업체 루시드그룹처럼 구글과 협력없이 안드로이드 오토모티브를 장착하는 업체들도 있다. 자동차 업체들은 자체 소프트웨어 개발 업데이트 노력 없이 구글이 제공하는 서비스를 이용할 수 있다. 애플 카OS 애플은 아직 안드로이드 오토모티브에 필적할 만한 자동차용 OS를 발표하지는 않았지만 이 분야에서도 발을 넓히고 있다. 이미 자체 애플카 생산 계획을 추진 중이어서 자동차용 OS는 불가피하기 때문이다. 아직 본격적인 카OS는 내놓지도 않았지만 애플은 지난 6월 아이폰을 미러링하는 카플레이 OS를 개발자회의에서 시연해 탁월한 성능을 이미 입증하기도 했다. 자동차 속력 RPM 배터리 충전상태 등을 보여주고 통제하는 시스템이다. 일부 애널리스트들은 이를 카OS 로 부르기도 한다. 애플은 차세대 카플레이 OS 출범 협력사를 선정해 발표한 상태다. 내년에 볼보 포드 혼다 르노 메르세데스 벤츠 포르쉐 등에서 차세대 카플레이 OS가 장착된 모델들이 출시된다. 라이선스를 통한 이같은 협력 방식은 애플로서는 이례적인 결정이다. 애플은 그동안 자사 하드웨어와 소프트웨어 모두를 배타적으로 사용해왔다. 구글의 안드로이드 OS가 자동차 산업에 깊숙이 침투하자 애플이 경쟁을 의식해 라이선스 형태로 일단 발을 들인 것으로 보인다. 한편 보수적인 자동차 업계라는 특성을 감안할 때 안드로이드 자동차 애플 자동차 경쟁은 아직은 먼 훗날의 얘기일 것이라는 지적도 나온다. BMW 소프트웨어 엔지니어 출신인 이사크 트레프츠 오픈시너지 생산책임자는 자동차 업계는 매우 보수적인 곳 이라면서 누군가 5년 안에 일어날 거야 라고 말한다면 아마도 20년 뒤에나 가능하다고 보면 된다 고 말했다.,https://n.news.naver.com/mnews/article/014/0004907272,안드로이드 경쟁 소프트웨어 기도
2022-10-02 02:42:03,글로벌 경제,파이낸셜뉴스 ,SP 영 신용등급 전망 부정적,파이낸셜뉴스 리즈 트러스 왼쪽 영국 총리와 크와시 콰틍 재무장관이 9월 23일 현지시간 켄트 지방 노스플릿의 한 공장을 방문해 대화하고 있다. 신용평가사 S P는 9월 30일 밤 트러스 정부의 대규모 재정적자 방안을 이유로 영국 신용등급 전망을 부정적 으로 강등했다. 로이터뉴스1 세계 최대 신용평가사 스탠더드앤드푸어스 S P 가 영국 신용등급 전망을 부정적 으로 평가했다. 신용등급이 부정적 전망 에 놓이면 이후 실제 신용등급 강등으로 이어지곤 한다. 지난달 23일 이하 현지시간 크와시 콰틍 영 재무장관이 450억파운드 규모의 대대적인 감세안을 내놓은 뒤 신용등급 전망이 부정적 으로 강등됐다. 1일 파이낸셜타임스 FT 월스트리트저널 WSJ 등 외신에 따르면 S P는 전날 밤 영국의 AA 신용등급은 유지했지만 전망은 부정적이라고 경고했다. S P는 콰틍 장관의 대규모 재정적자 방안으로 인해 영국에 돈을 빌려줄 때 추가 위험 을 각오해야 하게 됐다고 밝혔다. 리즈 트러스 총리 정부는 정권을 인수한지 몇 주 되지도 않아 신용등급 강등 위험에 노출되게 됐다. 트러스 총리도 자신의 어려운 결정 으로 인해 금융시장이 큰 충격을 받고 있는 점을 시인한 바 있다. 트러스 정부의 대대적인 재정적자 방안이 발표된 뒤 영국 파운드는 폭락하고 있고 금리는 치솟고 있다. 금융시장에서는 막대한 재정적자로 인해 두자리수를 기록한 영국의 인플레이션 물가상승 이 더 가팔라질 것으로 우려하고 있다. 전문가들은 특히 지금의 높은 인플레이션과 이에따른 각국 중앙은행의 금리인상 속에 재정적자가 눈덩이처럼 불어날 경우 이자 지급액이 폭증해 경제에 장기간에 걸쳐 상당한 부담을 준다고 경고하고 있다. 영국은행 BoE 은 파운드 폭락을 늦추기 위해 대대적인 금리인상 가능성을 시사해 시장을 안정시키는데 성공했지만 그 효과는 단명에 그친 상태다. S P는 영국 신용등급 부정적 전망 결정은 영국 정부의 재정적자 계획과 가계 에너지 비용을 낮추기 위한 추가 감세에 기인한 것이라고 밝혔다. S P는 콰틍의 대규모 감세로 인해 2025년까지 영국 국내총생산 GDP 대비 재정적자 비율이 2.6%p 확대될 것이라고 추산했다. GDP대비 공공부채 규모는 줄이겠다는 콰틍의 야심찬 계획이 달성불가능할 것이라는 비관이다. S P는 2023년부터는 GDP대비 정부부채 비율이 감소할 것이라던 이전 전망과 대조적으로 이번 재정적자 방안으로 인해 영국 정부의 일반 순부채가 게속 상승 궤적을 그릴 것 이라고 강조했다. S P는 또 영국 경제가 대규모 재정적자를 동반한 이번 경기부양책에도 불구하고 앞으로 수분기에 걸쳐 침체될 것이라는 전망에 변함이 없다고 밝혔다. S P는 공공지출 재원마련을 위한 부채를 줄이겠다는 트러스 정부의 약속이 실현가능할지 또 재정적자를 감축 궤도로 되돌려놓는데 충분할지 의심스럽다고 덧붙였다. S P는 이와함께 영국 경제가 더 악화하거나 국채 수익률이 더 치솟을 경우 위험 부담은 가중될 것이라고 경고했다. 신용평가사들의 신용등급 평가 위력은 예전만 못하지만 여전히 시장에서 영향력이 높다. S P 등 신용평가사들은 주택유동화증권 ABS 등 상당수 복합 금융상품의 위험도를 정확히 평가하지 못해 위험도 높은 상품에 최고신용등급인 AAA 등급을 부여하는 등 제 기능을 하지 못해 2008 2009년 세계 금융위기를 불렀다는 비판을 받은 바 있다. 그러나 이들의 신용등급과 전망은 아직도 시장에서 위험도를 평가하는데 주요 잣대로 활용된다.,https://n.news.naver.com/mnews/article/014/0004907271,금융시장 악화 공장 시인
2022-10-02 08:31:06,환율,연합뉴스 ,르포 인천 남동산단 킹달러에 시름…원재료 수입 겁나,경기 둔화세에 시장도 위축… 비싼 이자에 투자도 걱정 인천 남동산단의 화장품 원료 제조업체 인천 연합뉴스 최은지 기자 인천시 남동구 남동국가산업단지의 모 화장품 원료 제조업체 공장에서 직원이 작업을 하고 있다. 2022.09.29 chamse yna.co.kr 끝 인천 연합뉴스 최은지 기자 가장 필요한 주원료 가격이 1㎏당 5천원에서 9천원으로 올랐는데 판매 가격은 제자리라 답답할 뿐이죠. 지난 29일 인천시 남동구 남동국가산업단지의 모 화장품 원료 제조업체. 업체 대표 A씨는 공장 안에서 조용한 기계음을 내며 돌아가는 장비들을 돌아보고는 어두운 표정을 감추지 못했다. 회의실 한 쪽에 즐비하게 놓인 상패들은 20년 넘게 굳건하게 버틴 회사의 발자취를 대변하고 있지만 이 건실한 중소기업조차 최근 닥쳐온 환율 급등과 유가 상승의 파고에 큰 타격을 받고 있다. 기능성 화장품 원료를 개발하는 이 업체는 히알루론산·쉐어버터·멘톨 등 원재료 30여개 품목을 달러를 주고 수입한다. 대부분 석유에서 유래하는 화장품 원룟값이 작년 대비 30∼40% 오른 탓에 올해 영업 매출 20% 성장을 바라보던 이 업체는 5% 마이너스 성장으로 전망을 낮출 수밖에 없었다. A씨는 원달러 환율이 1천400원대까지 오른 상황에서 원재료 수입하기도 겁이 나는 상황 이라며 전사적으로 꼭 필요한 경비가 아닌 모든 비용을 절감하기 위해 사전 지출 결의를 도입해 판촉비와 영업비를 대폭 줄였다 고 설명했다. 이어 원래라면 원재료 1t 살 걸 500kg로 줄여 수입한다 며 괜히 지금 사서 물건을 많이 가지고 있다가 환율이 떨어져 버리면 장기 재고가 늘어나기 때문 이라고 덧붙였다. 인천 남동산단의 세진테크 공장 인천 연합뉴스 최은지 기자 인천시 남동구 남동국가산업단지의 포장기계 제조업체인 세진테크에서 이갑현 66 대표가 상품을 살펴보고 있다. 2022.09.29 chamse yna.co.kr 끝 원재료 수입 비중이 크지 않아 고환율 여파를 다소 비껴간 중소기업들도 업계 전반을 무겁게 짓누르고 있는 경기 침체 영향에서 벗어나긴 어려운 실정이다. 남동공단의 한 포장기계 제조 업체 공장에 들어서자 직원 서너 명만이 덩치 큰 기계를 조립하거나 작동시키는 모습이 눈에 띄었다. 포장 설비에 대한 기업들의 투자 자체가 줄면서 기계를 사줄 내수·해외 시장 자체가 움츠러들었고 이는 고스란히 업체에 전가됐다. 이 업체 대표 B씨는 경기 사이클이 침체 국면에 들어가면서 공장 확장 등의 설비 투자가 감소하고 있다 며 지난해 연간 70대가량을 판매했는데 벌써 국내 수주 감소세가 피부에 와 닿고 있어 하반기 수익성이 8∼10%가량 떨어질 걸로 예상된다 고 말했다. 또 원자잿값 상승으로 인한 가격 인상분은 시장에서 받아야 하는데 경기침체 상황에서 이것도 어렵다 며 공장 확장 계획이 있어 차입금을 쓸 수밖에 없는데 금리가 가파르게 올라 걱정 이라고 하소연했다. 환율 1 440원도 돌파…코스피는 2 200 붕괴 CG 연합뉴스TV 제공 고금리 기조 속 고환율·고물가의 3중고 가 겹치면서 남동산단을 포함해 인천 중소기업들이 심각한 경영난을 우려하며 시름에 잠겨 있다. 1일 인천상공회의소에 따르면 올해 3분기 인천 제조업체 135곳 중 86곳 63.6% 은 상반기 영업 이익이 목표치에 미달할 것이라고 응답했다. 이 중 가장 많은 29%는 그 이유로 환율과 물가 변동성을 꼽았다. 환율·물가의 등락 폭이 클수록 시장의 불확실성이 커지기 때문이다. 원자재 가격과 원·달러 환율이 각각 10% 상승할 경우 수입이 3.6% 증가하는 반면 수출은 0.03%만 늘 것이라는 한국무역협회 국제무역통상연구원의 분석도 나온 바 있다. 더욱이 미국 연방준비제도 Fed·연준 는 오는 11월에도 기준금리 인상을 예고했다. 고환율 추세가 당분간 유지될 것이라는 전망이 우세하다. 대표 A씨는 한 달에 20만달러가량을 원재료 수입에 쓰고 있는데 정부가 단기적으로라도 30만∼50만 달러 정도를 2∼3%대 저리로 대출해주면 수입 업체는 다소 견딜 만할 것 이라고 제언했다. 인천상공회의소 관계자는 현재 업체들이 가장 어려움을 호소하는 부분은 원자재 가격과 환율 상승으로 인해 전체 제조 비용이 많이 올랐다는 것 이라며 경영 안정화를 위해 자금 지원을 일시적으로 확대하는 방안이 필요하다 고 설명했다.,https://n.news.naver.com/mnews/article/001/0013477101,인천 투자가 우려 화장품 계획
2022-10-02 08:10:08,환율,연합뉴스 ,달러 강세로 북미펀드 설정액 급증…수익률은 글쎄,믿을 수 없는 달러 가격 지난달 29일 영종도 인천국제공항 2터미널 내 한 은행 환전 창구에 실제 거래되는 외화 가격이 표시된 모습. 연합뉴스 자료사진 서울 연합뉴스 홍유담 기자 원 달러 환율의 고공 행진으로 달러 강세가 지속되면서 북미 펀드들의 설정액이 급증한 것으로 나타났다. 다만 미국 증시도 불안정한 흐름을 보이면서 수익률은 부진한 모습이었다. 2일 금융정보업체 에프앤가이드에 따르면 지난달 29일 기준 설정액 10억원 이상인 펀드 가운데 북미 주식형 펀드 91개의 설정액은 연초 이후 3조5천407억원 증가한 것으로 집계됐다. 이 기간 전체 권역의 주식형 펀드 설정액 증가 규모가 4조314억원인 것을 고려하면 대부분의 증가분이 북미 펀드에서 발생했다. 올해 해외주식형 펀드 가운데 유럽 상품의 설정액은 531억원 줄었고 아시아 84원 중남미 65억원 신흥국 21억원 등도 일제히 감소세였다. 같은 기간 북미 채권형 펀드 32개의 설정액은 5천324억원 증가해 전체 권역의 채권형 펀드 설정액 증가 규모 4천822억원 를 웃돌았다. 아시아 채권형 펀드 설정액은 297억원 감소했고 신흥국과 중남미도 각각 191억원 14억원 줄면서 북미 설정액의 증가분을 상쇄했다. 이처럼 북미 펀드의 설정액이 불어난 것은 최근 원 달러 환율이 치솟은 결과로 해석된다. 새로운 투자 자금이 북미 펀드에 유입된 것과 별개로 달러 가치가 오른 데 연동해 원화로 환산한 설정액 규모도 커진 것이다. 지난달 30일 서울 외환시장에서 원 달러 환율은 전날 종가보다 8.7원 내린 달러당 1 430.2원에 거래를 마쳤다. 지난 28일에는 장중 1 440.1원을 넘어서기도 했다. 장중 1 440원 돌파는 2009년 3월 16일 고가 기준 1 488.0원 이후 13년 6개월여 만이다. 달러 가치는 높아졌지만 미국 증시도 약세에 시달리고 있는 만큼 북미 펀드의 수익률은 부진한 상황이다. 지난달 29일 현지시간 기준 다우존스30산업평균지수는 올해 들어 19.57% 떨어졌고 스탠더드앤드푸어스 S P 500지수와 기술주 중심의 나스닥 지수도 각각 23.62% 31.37% 하락했다. 이에 따라 연초 이후 북미 주식형 펀드의 수익률도 19.92% 손실을 기록했다. 이는 전체 권역의 주식형 펀드 수익률 20.67% 과 크게 차이가 나지 않는 수치다. 이 기간 오히려 중남미 상품은 6.46%의 수익을 내기도 했다. 같은 기간 북미 채권형 펀드는 3.69%의 수익을 내며 전체 수익률 0.45% 을 웃돌았다. 다만 최근 환율 변동성이 커지면서 환 노출형 펀드 상품은 상대적으로 손실 폭이 작았을 것으로 보인다. 환율 변동의 영향을 제거한 환 헤지형과 달리 환 노출형은 환율 변동이 수익률에 영향을 끼치는 구조로 강달러 환경에서는 환차익을 통해 수익률을 방어할 수 있는 환 노출형 상품이 투자자에게 유리하다. 실제로 북미 주식에 투자하는 한국투자미국배당귀족증권자투자신탁 펀드 중 환 헤지형 상품들은 모두 연초 이후 16%대의 손실을 기록했지만 환 노출형 상품들은 손실을 보지 않았다. 환율이 1 440원까지 치솟은 상황이지만 전문가들은 추가 상승할 여력이 있다고 평가했다. 권아민 NH투자증권 연구원은 환율 상승 속도로만 보면 현재는 2008년 금융 위기 이후 가장 빠른 국면 이라며 단기적으로는 레벨 부담으로 인해 원화 약세 속도가 제어될 수는 있겠지만 환율이 추가로 상승할 가능성을 배제하기 어렵다 고 설명했다. 그러면서 대내외 경기 상황을 고려하면 연내 분위기 반전은 쉽지 않다 며 올해 4분기 원 달러 환율 등락 범위 밴드 를 1 300∼1 490원으로 제시했다.,https://n.news.naver.com/mnews/article/001/0013477095,국제공항 손실
2022-10-02 07:17:01,환율,연합뉴스 ,미국산 체리 대신 국산 포도…킹달러에 대형마트 전략바꾼다,치솟는 환율에 수입식품 단가 상승…국내산 대체상품 늘려 달러에서 유로화로 결제 통화 바꾸고 수입처 다변화 환율 상승에 수입과일 가격도 오른다 서울 연합뉴스 이재희 기자 지난 24일 한국농수산식품유통공사 aT 농산물유통정보 KAMIS 에 따르면 전날 수입 바나나 도매가격은 13㎏에 3만1천100원으로 한 달 전 2만8천232원과 비교해 10.2% 비싸졌다. 지난해 2만5천220원과 비교하면 23.3% 오른 것이다. 생산비·물류비 상승에 더해 고금리 여파로 인한 원 달러 환율이 치솟으면서 수입단가 자체가 높아진 점도 영향을 미친 것으로 보인다. 사진은 30일 서울 한 대형마트에 진열된 수입과일들. 2022.9.30 scape yna.co.kr 서울 연합뉴스 이신영 기자 원 달러 환율이 1 400원 넘게 치솟으면서 대형마트 업계가 수입 식품 가격 방어를 위한 전략 마련에 고심하고 있다. 신선식품 등을 수입해 판매하는 대형마트 입장에서는 환율이 오르면 판매가 인상 압박을 받을 수밖에 없기 때문이다. 2일 업계에 따르면 최근 한 대형마트의 미국산 체리 판매가격은 전년 대비 25% 올랐다. 여기에 망고 10% 와 바나나 20% 블루베리 30% 연어 30% 등도 가격이 크게 뛰었다. 수입 소고기와 돼지고기의 경우 정부가 물가안정을 위해 할당관세 0%를 적용하면서 인상을 억제하고 있지만 환율 상승으로 수입단가가 뛰면서 전년 대비 값이 10%가량 오른 상태다. 산지 생산비와 인건비 인상으로 원가가 오른데다 물류비 상승과 이른바 킹달러 달러 초강세 현상까지 겹쳐 수입 단가를 끌어올리고 있다. 대형마트 업계는 이런 상황에서 가격 인상 폭을 최대한 줄이기 위해 갖가지 수단을 동원하고 있다. 이마트는 수입 상품을 담당하는 해외 소싱 바이어가 실시간으로 환율을 체크하며 달러가 아닌 수입 당사국 통화로 결제를 시도하고 있다. 실제 이마트는 최근 유럽산 냉동 돼지고기 수입 과정에서 결제 통화를 달러에서 유로화로 바꿔 4∼5%가량 수입 원가를 절감하기도 했다. 트레이더스 노브랜드 SSG닷컴 등 그룹 계열사와 통합 구매를 통해 가격 협상력을 높이고 상대적으로 가격이 안정적인 국산 대체 상품 운용도 늘리고 있다. 미국산 체리 취급 물량을 줄이는 대신 국산 제철 과일인 복숭아와 포도 운영을 확대하는 식이다. 그 결과 환율이 상승하기 시작한 지난 3월부터 8월까지 이마트의 국산 과일 매출은 11.5% 늘었지만 수입과일은 3.8% 감소했다. 수입 냉동 돼지고기도 가격상승으로 매출이 부진했지만 국내산 냉동 돼지고기는 3.5배나 늘었다. 롯데마트는 유럽산 제품 발굴에 집중하고 있다. 유로화로 결제할 수 있는 유럽지역 제조사 위주로 수입 가능 제품을 물색하고 이달 중순 프랑스 파리에서 열리는 국제식품 박람회를 방문해 유럽지역 유통사들과 협업도 강화할 계획이다. 또 기존에 달러화로 결제를 진행해온 업체들과는 유로화 등 다른 통화로 결제 수단을 교체하는 방안을 협의하고 있다. 업계 관계자는 최근 달러화 강세 흐름으로 수입 원가 상승세가 뚜렷해지고 있지만 이를 곧바로 판매가에 모두 반영하기는 어려워 일부 제품의 경우 마진을 깎아 인상 폭을 줄이고 있는 실정 이라며 판매가 상승을 자제하기 위해 다양한 방안을 강구하고 있다 고 설명했다.,https://n.news.naver.com/mnews/article/001/0013477070,바나나 도매 소고기 농산물
2022-10-02 05:34:17,환율,연합뉴스 ,한국경제 위기인가 ⑧전문가들 1997·2008년과 달라…금리 중요끝,영국·일본·중국 등 여러 곳에서 위험 조짐…국제공조도 실종 전세계적인 환율 대조정기…마땅한 대응방안 없어 한미 통화스와프 놓고는 전직 관료·학자 의견 분분 모멘트 달러 사려면 1 500원 영종도 연합뉴스 신준희 기자 원 달러 환율이 급등세를 이어가고 있는 29일 영종도 인천국제공항 2터미널 내 한 은행 환전 창구에 실제 거래되는 외화 가격이 표시돼 있다. 2022.9.29 THE MOMENT OF YONHAPNEWS hama yna.co.kr 세종 연합뉴스 박용주 김다혜 김유아 기자 전문가들은 미국의 추가 긴축 우려에서 촉발된 이번 국제금융시장 혼란이 1997년 국제통화기금 IMF 외환위기나 2008년 금융위기와는 다른 양상으로 진행되고 있다고 2일 진단했다. 한국의 경우 위기 가능성 자체를 배제할 수 없으나 중심에서는 다소 빗겨서 있다는 분석이다. 다만 국제 공조가 실종된 가운데 미국은 금리 인상 속도를 더 끌어올릴 가능성이 커 현실적인 대응 방안도 마땅치 않다고 보고 있다. 한미 통화스와프의 실효성에 대해선 논란 소지가 다분하고 결국 기준금리 인상 속도를 어떻게 가져가느냐가 관건이 될 것으로 보는 시각이 많다. 위기겪은 관료들 완연히 다른 국면…환율 대조정기 최종구 전 금융위원장은 현 상황을 IMF 외환위기나 금융위기와 비교할 때 위기로 규정할 수 있냐는 연합뉴스의 질문에 현 상황은 그런 위기 국면과는 완연히 다르다 고 답변했다. 최 전 위원장은 두 번의 위기를 모두 겪은 경제관료다. 특히 2008년에는 기획재정부 국제금융국장으로서 원 달러 환율 급등을 방어한 바 있다. 그는 두 번의 위기는 한국을 비롯한 일부 신흥국들의 문제였지만 지금은 미국의 급격한 금리 인상에 따라 모두가 겪는 현상 이라면서 일본과 영국 등 선진국 진영이 더 어려움을 겪고 있다 고 말했다. 이어 중국까지 합치면 주요국들의 상황이 모두 다른 만큼 공동보조도 불가능하다 면서 그게 상황을 더 어렵게 한다 고 말했다. 신제윤 전 금융위원장도 예전 위기 때와 지금은 상황이 완전히 다르다 면서 지금은 우리 기업들이 건전하고 외환보유액이 충분하다 고 말했다. 신 전 위원장은 2008년 금융위기 때 기재부 국제금융 담당 차관보로서 한미 통화스와프를 성사시킨 관료다. 신 전 위원장은 현 상황에 대해 과거 플라자 합의 이후 각국 통화가치가 전반적인 조정을 거쳤듯 지금이 일종의 환율 대조정기로 보인다 고 말했다. 코로나19 사태 이후 미국과 일본 영국·유럽연합 EU 중국 등 전 세계 통화가 미국의 금리 인상이라는 상황에 맞춰 대조정의 과정을 거치고 있다는 것이다. 그래픽 원 달러 환율 추이 연합뉴스 자료그래픽 심리 한쪽으로 확 쏠리면 위기로 연세대 성태윤 교수는 현 상황이 위기에 상당히 근접해 있다 고 평가했다. 성 교수는 외환시장의 불확실성이 커진데다 스태그플레이션 상황에서 실물 경기 악화가 다층적으로 나타나고 있어 복합위기 성격이 강하다 고 진단했다. 동국대 김낙년 명예교수는 경제위기라는 것이 나중에 보면 결국 심리적인 문제인 경우가 많다 면서 사람들이 어떤 계기로 한쪽으로 확 쏠려버리면 펀더멘털이 그렇지 않더라도 위기로 가는 경우가 상당하다 고 말했다. 이와 관련 추경호 부총리 겸 기획재정부 장관은 한국에서 경제위기가 재현될 가능성은 매우 매우 낮다는 게 외부의 시각 이라고 30일 말했다. 그는 한국의 경우 엄청난 외환보유고가 있고 경상수지도 큰 틀에서 괜찮다 면서 미국의 금리 인상으로 나타나는 부분이기 때문에 단기적으로 일부 자본의 움직임이 나타날 수 있으나 기본적으로 위기 상황의 재연 가능성은 없다고 본다 고 말했다. 환율 1 440원도 돌파…코스피는 2 200 붕괴 CG 연합뉴스TV 제공 한은 빅스텝 가능성 열어뒀지만 속도 조절론도 현 상황에서 가장 중요한 정책 결정은 통화정책이라는데 이견이 없다. 이창용 한국은행 총재는 최근 미국이 0.75%포인트 금리 인상을 단행한 데 대해 한국의 0.25%포인트 p 인상의 전제 조건이 많이 바뀌었다 고 발언했다. 미국과 금리 격차를 줄이기 위해 한국은행이 이달 빅 스텝 한꺼번에 기준금리 0.50%포인트 인상 가능성을 열어두는 발언으로 시장에선 해석됐다. 한은 금융통화위원을 지낸 한국개발연구원 KDI 조동철 국제정책대학원 교수는 이런 가능성에 대해 금리 인상 자체는 찬성하지만 그 폭이나 시기는 국내 경제 상황에 맞춰야지 환율이나 미 연준을 보고 결정해선 안 된다 고 말했다. 조 교수는 환율을 잡겠다고 금리를 올리면 대출자들이 다 무너진다 면서 한은은 국내경제부터 생각해 금리 인상 폭을 결정해야 한다 고 말했다. 코로나19 경제위기를 극복하는데 기여한 김용범 전 기재부 제1차관도 지금의 환율은 내외금리차보다는 경상수지 추이나 경제 펀더멘탈에 대한 우려가 더 큰 결정요인 같다 면서 물론 금리를 얼마나 올리느냐가 환율에 상당한 영향을 주지만 금리 인상 수준이 우리나라 부동산 시장과 내수에 주는 직접적인 냉각 효과가 더 우려된다 고 말했다. 세계화폐 게티이미지뱅크코리아. 재판매 및 DB 금지 통화스와프 효과엔 의견 분분 한미 통화스와프에 대해선 평가가 엇갈린다. 성태윤 교수와 김낙년 교수는 시장 안정 조치의 일환으로 한미 통화스와프의 필요성을 언급했다. 환율을 특정한 레벨로 방어할 수 없는 시기인 만큼 통화스와프와 같은 특단의 조치가 필요하다는 것이다. 위기 극복 경험이 있는 전직 관료들은 이에 대해 부정적이다. 최종구 전 위원장은 최근 자국 화폐가치가 급락한 나라를 보면 대부분 선진국이고 미국과 통화스와프도 맺고 있는 나라 라면서 통화스와프라는 것이 있으면 좋긴 하지만 서로 필요해야 맺는 것 이라고 말했다. 신제윤 전 위원장은 지금 전 세계적으로 달러 가격이 비싼 것이지 달러를 못 구하는 상황이 아니지 않냐 고 반문하면서 통화스와프는 달러 유동성이 부족할 때 시장이 전혀 예상치 못한 상황에서 내놔야 효과가 있는 것인데 지금은 그런 상황이 아니다 라고 선을 그었다.,https://n.news.naver.com/mnews/article/001/0013477015,코리아 금융시장 악화 중국
2022-10-02 05:34:13,환율,연합뉴스 ,한국경제 위기인가 ⑤퍼펙트스톰 온다…대기업들 전시체제,내년 경영계획 짜야할 시기인데…한치앞 내다보기 어려워 신규투자 재검토·철회 잇달아…초고환율에 차입금 부담 가중 지난달 29일 경기도 광주시 곤지암리조트에서 열린 LG 사장단 워크숍 에서 구광모 ㈜LG 대표가 최고경영진과 대화를 나누고 있다. LG전자 제공. 재판매 및 DB 금지 서울 연합뉴스 임은진 김기훈 김철선 기자 삼성·LG 등 대기업들이 최근 그룹 계열사 사장들을 잇따라 한자리에 불러모으고 있다. 워크숍 형태로 글로벌 경영환경을 점검하고 미래전략을 가다듬는 자리여서 언뜻 보기엔 그저 일상적으로 보이지만 참석한 CEO들의 눈빛은 전혀 그렇지 않다고 한다. 하루가 멀다고 치솟는 환율 종착지를 짐작할 수 없는 금리 널 뛰는 국제유가 바다 건너 메가톤급 펀치인 미국 인플레이션 감축법 IRA 등 국내 대기업들이 마주한 경영환경이 예측 불가의 혼돈 그 자체이기 때문이다. 복합위기가 중첩된 퍼펙트 스톰 이 닥쳐오는 양상이다. 내년엔 환율이 과연 어느 수준이 될지 국제유가는 또 얼마나 떨어질지 아니면 다시 오를지 도무지 예측이 안 됩니다. 한 대기업 임원은 한숨을 푹푹 내쉬었다. 최근 원 달러 환율이 1 400원선을 돌파하고 인플레이션 우려에 따라 급격한 금리 인상이 잇따르면서 내년도 경영계획을 짜는 기업들은 난감한 상황이다. 통상 기업들은 이맘때쯤 부서별 내년 업무계획을 취합해 전사 차원의 경영계획을 수립하는데 거시경제 변동성이 커지면서 기존 계획을 대대적으로 손질하는 게 불가피해졌기 때문이다. 급변하는 경영환경 속에 중장기 사업 계획을 미처 확정하지 못한 국내 주요 기업들은 준전시체제에 돌입한 분위기다. 한 대기업 관계자는 지금처럼 불확실성이 큰 시기에는 경영계획 확정이라는 게 사실 의미가 없다 며 시시각각 변하는 상황에 맞춰 다양한 시나리오를 상정하고 그에 맞춰 대응책을 준비하는 수밖에 없다 고 토로했다. 삼성전자 경영계획 수립 분주…프리미엄 돌파구 2일 재계에 따르면 국내 최대 기업인 삼성전자도 현재 내년 경영계획 수립에 한창이다. 사업팀 사업부 등 단위별로 예산안을 취합하고 조만간 전체적인 그림을 그릴 계획이다. 삼성은 현재 고금리·고환율 상황과 관련해 직격탄은 없다며 일단 안도감을 표하고 있다. 사업 구조상 고환율은 긍정적인 효과가 더 큰 편이고 차입금 비중이 크지 않아 이자 비용도 압박을 심하게 느낄 정도는 아니라는 것이다. 하지만 금리인상과 인플레이션으로 인한 경기침체 그에 따른 수요 위축은 실적의 발목을 잡고 있다. 반도체 사업 주요 고객사인 글로벌 데이터센터 기업들의 투자가 보수적으로 바뀌었고 TV·스마트폰 등 완제품 수요도 얼어붙었기 때문이다. 특히 시설투자 규모가 수십조 원에 육박하는 반도체사업 특성상 급변하는 대외경제 환경은 변수가 되기 마련이다. 미국 텍사스주 테일러시에 짓는 삼성 파운드리 공장 투자 비용 170억 달러는 작년 말 투자 발표 당시 원화로 20조원 규모였으나 지금은 환율 급등 탓에 24조원 이상으로 불어난 상태다. 삼성전자 관계자는 경기침체 우려와 인플레이션 영향으로 사업 전망이 다소 나빠지고 경영환경의 불확실성이 커진 것은 사실 이라며 다만 투자는 계획대로 진행할 것 이라고 말했다. 특히 삼성전자는 프리미엄 제품 수요가 어느 정도 견조할 것으로 보고 연구개발 R D 과 마케팅에 역량을 집중하려 한다. 삼성전자 미국 테일러 파운드리 공장 건설 본격화 삼성전자 제공. 재판매 및 DB 금지 photo yna.co.kr 한화솔루션 등 투자계획 철회…IT업계 부담가중 대외환경이 급변하자 기존 투자 계획을 철회하거나 재검토하는 기업들도 속출하고 있다. 한화솔루션은 지난달 7일 1천600억원 규모의 질산유도품 DNT 생산공장 설립 계획을 철회했고 현대오일뱅크는 지난달 이사회에서 3천600억원 규모의 정유설비 신규투자를 중단했다. 인플레이션과 환율 변동에 따른 투자비용 증가와 수요 위축 우려가 이유였다. SK하이닉스도 지난 6월 4조3천억원 규모의 청주 신규 반도체 공장 M17 증설 투자를 보류했고 LG에너지솔루션 역시 1조7천억원 규모의 미국 애리조나주 배터리공장 신설 계획을 재검토 중이다. SK하이닉스와 LG에너지솔루션 모두 최근 대외환경 변화 상황을 고려해 해당 투자 건을 면밀히 다시 들여다보고 있다고 설명했다. 한 기업 관계자는 사실상 비상경영 체제로 돌입한 지 오래 라며 금리·환율 등 대외변수 변동 폭이 커지고 사업 비중이 큰 미국 시장 상황도 예측이 어려워 한 치 앞을 내다볼 수 없다 고 말했다. 제조업뿐 아니라 정보기술 IT 업계도 대응책 마련에 부심 중이다. 이동 통신업계는 내수 중심이기는 하지만 미국 연준의 공격적인 기준 금리 인상에 따른 국내 금리 인상 추이를 주시하고 있다. 금리 인상으로 자금 조달 비용 역시 덩달아 오를 것이 예상되면서 영업외 비용 지출이 증가할 것으로 예상되기 때문이다. 이에 따라 통신업계는 늘어나는 지출·비용을 감당하면서 수익을 최대한 유지하기 위해 마케팅 비용을 늘리지 않고 효율성을 추구하는 방안을 모색하고 있다. 내수 중심의 온라인 플랫폼 업체들도 인플레이션 압력 강화 금리 상승 경기 부진을 우려하고 있다. 이에 따라 자금 조달 신규 사업이나 투자 기회에 대해 보수적으로 접근하고 있다고 업계 관계자는 전했다. LG·삼성 등 잇달아 사장단 회의…대응 방안 모색 분주 주요 기업들은 대내외 복합위기에 대응해 긴급 사장단 회의를 소집하고 대응책을 모색하고 있다. LG는 지난달 29일 경기도 광주시 곤지암리조트에서 사장단 워크숍을 열고 미래 준비를 위한 경영전략을 논의했다. 이날 워크숍에는 구광모 ㈜LG 대표와 사장단이 모였다. 사장단이 오프라인에서 한자리에 모인 건 2019년 9월 사장단협의회 이후 약 3년 만이다. 삼성은 지난달 26일 삼성전자를 비롯해 전자계열사와 금융계열사 등 그룹 사장단을 한자리에 소집해 사장단 회의를 개최했다. 이재용 삼성전자 부회장이 사장단 회의에 참석하진 않았지만 사장단과 오찬을 하며 최근 현안에 대해 논의한 것으로 알려졌다. SK그룹도 이달 최태원 회장 주재로 CEO 세미나를 열고 불확실성이 높아진 대내외 경영환경을 풀어나갈 방안을 모색할 것으로 전망된다. 포스코그룹도 이달 안으로 그룹 사장단과 전체 임원이 참석하는 그룹경영회의를 열 예정이다. 이번 회의에서는 포항제철소 침수 피해와 글로벌 철강 수요 감소 재고 자산 증가 등 위기 요인에 대한 대응 계획을 논의할 것으로 예상된다.,https://n.news.naver.com/mnews/article/001/0013477012,김기훈 인플레이션 우려 공격
2022-10-02 05:34:12,환율,연합뉴스 ,한국경제 위기인가 ④고환율·고물가·무역적자…곳곳서 위기 경고음,대외건전성 지표는 외환위기·금융위기 때보다 양호 한국 경제 CG 연합뉴스TV 제공 세종 연합뉴스 차지연 기자 미국을 비롯한 주요국의 통화 긴축과 러시아 우크라이나 전쟁에 따른 공급망 차질 여파 등으로 한국 경제 곳곳에서 위험신호 가 켜졌다. 달러 초강세로 원 달러 환율은 1 400원대에서 고공행진 중이고 소비자물가 상승률도 6% 안팎까지 급등했다. 무역적자는 쌓이고 경기 둔화 우려는 커지고 있다. 다만 과거 국제통화기금 IMF 외환위기 글로벌 금융위기 때와 비교하면 외환보유액 등 대외건전성 지표는 비교적 양호한 편이다. 정부는 이 때문에 경제위기 재현 가능성은 작다고 단언하지만 각국 중앙은행의 급격한 금리 인상으로 경기침체의 고통이 장기간 이어질 것이란 목소리가 커진다. 환율·물가 고공행진…경기둔화 우려 커지는 복합위기 2일 기획재정부와 한국은행 통계청 등 여러 기관의 자료를 분석해보면 한국 경제가 직면한 복합위기의 심각성이 드러난다. 미국 연방준비제도 Fed·연준 의 고강도 긴축 충격파로 지난주 원 달러 환율은 1 440원을 넘어섰고 1 500원을 뚫을 수 있다는 전망까지 나온다. 외환위기 글로벌 금융위기 등 대형 경제위기 때를 제외하고 원 달러 환율이 1 400원을 넘어선 기록은 찾기 어렵다. 물가도 고공행진 중이다. 전년 동월 대비 소비자물가 상승률은 6월과 7월 각각 6.0% 6.3%로 6%대를 찍었다. 물가 상승률이 두 달 연속 6%대 이상을 기록한 것은 외환위기 당시인 1998년 10월 7.2% 11월 6.8% 이후 처음이다. 8월에는 상승률이 5.7%로 다소 둔화했고 국제유가와 농축수산물 가격 오름세 진정에 따라 10월 이후에는 상승률이 하락세를 보일 것으로 정부는 전망한다. 그러나 환율 급등에 따른 수입 물가 상승 전기·가스요금 등 공공요금 인상 등을 고려하면 물가가 6%대로 다시 뛰어오를 가능성도 완전히 배제할 수는 없다. 대외여건 악화에 경상수지 흑자 폭은 줄어들고 있고 7월 상품수지는 10년 3개월 만에 적자로 돌아섰다. 올해 110조8천억원 2차 추가경정예산 기준 에 달하는 관리재정수지 적자가 예고된 가운데 경상수지마저 적자로 돌아설 경우 쌍둥이 적자 가 발생할 수 있다. 무역수지는 9월 37억7천만달러 적자를 기록해 반년 연속 적자를 기록했는데 이는 외환위기 이후 처음이다. 수출보다 수입이 크게 증가한 영향이다. 경기 둔화 우려는 커지는 모습이다. 주요 기관들은 내년 한국 경제 성장률 전망치를 2% 초반으로 하향 조정하고 있다. IMF는 기존 2.9% 전망치를 2.1%로 내렸고 경제협력개발기구 OECD 도 2.5%에서 2.2%로 하향했다. 국제신용평가회사 피치는 지난 28일 한국 국가신용등급을 AA 로 유지하면서 내년 성장률 전망치를 1.9%까지 내렸다. 거버너 연설하는 추경호 부총리 서울 연합뉴스 제55차 아시아개발은행 ADB 연차총회 참석차 필리핀 마닐라를 방문 중인 추경호 경제부총리 겸 기획재정부 장관이 9월 29일 현지시간 ADB 비즈니스 세션에서 거버너 연설을 하고 있다. 2022.9.29 기획재정부 제공. 재판매 및 DB 금지 photo yna.co.kr 제2의 외환위기 올까 공포감 확산…대외건전성은 비교적 양호 이처럼 거시경제 곳곳에서 위험신호가 속출하면서 대형 경제위기에 대한 공포감은 커지는 중이다. 대외신인도에 대한 우려도 확산하고 있다. 국가 신용도 위험 수준을 보여주는 5년물 신용부도스와프 CDS 프리미엄은 지난 28일 57.98bp 1bp 0.01%포인트 로 연중 최고점을 기록했다. 금융시장이 휘청이면서 신용위기 리스크가 불거지고 있다는 분석이다. 다만 정부는 한국 경제가 복합위기 국면에 놓인 것은 맞지만 국가적 트라우마로 남아있는 외환위기 금융위기 때처럼 심각한 대형 경제위기가 발생할 가능성은 크지 않다고 본다. 추경호 부총리 겸 기획재정부 장관은 30일 아시아개발은행 ADB 연차총회 참석차 방문한 필리핀 마닐라에서 기자들을 만나 한국에서 경제위기가 재현될 가능성은 매우 매우 낮다는 게 외부의 시각 이라고 말했다. 정부 자신감의 원천은 비교적 양호한 대외건전성 지표다. 신용평가회사 피치는 한국의 견조한 대외건전성은 현재의 불확실성에 대응해 나가기에 충분한 수준의 안전판을 제공한다 고 평가한 바 있다. 8월 기준 한국의 외환보유액은 4천364억달러다. 외환위기 당시인 1997년 204억달러의 약 21배 금융위기 당시인 2008년의 2천12억달러의 약 2배 수준이다. 대외자산도 2분기 말 기준 2조1천235억달러로 1997년의 1천176억달러 2008년의 5천328억달러를 크게 웃돈다. 단기외채는 2분기 말 기준 1천839억달러다. 1997년의 584억달러 2008년의 1천457억달러보다 늘었지만 경제 규모 증가에 비하면 증가 폭이 크지 않다는 게 정부 입장이다. 총외채에서 단기외채가 차지하는 비율은 41.9%다. 1997년에는 657.9% 2008년에는 72.4%였다. 정부는 최후의 보루 로 여겨지는 외환보유액과 대외자산이 상당한 규모로 준비돼있으며 단기외채 비율도 높지 않아 위기 상황이 닥치더라도 대응이 가능할 것으로 판단하고 있다.,https://n.news.naver.com/mnews/article/001/0013477011,경제위기 우크라이나 전쟁 재판매
2022-10-02 05:34:11,환율,연합뉴스 ,한국경제 위기인가 ③美연준이 최대 뇌관…가계빚·부동산도 위태,세계 1위 가계대출·부동산 쏠림 등 금융불균형 금리 충격에 취약 갈수록 줄어드는 외환보유액…경상수지도 적자 전환 눈앞 서울 연합뉴스 신호경 기자 과거 미국이 금리를 빠르게 올린 시기마다 대체로 몇 년 뒤 아시아 외환위기 미국 서브프라임발 금융위기 등이 터졌다. 가능성은 크지 않지만 이번에도 만약 경제 위기가 우리나라까지 닥친다면 진원지는 다시 미국 연방준비제도 연준·Fed 일 것 정부 한 관계자의 말처럼 현재 상황에서 가장 유력한 경제 위기 시나리오는 미국의 급격한 금리 인상 여파로 외국인 자금이 썰물처럼 빠져나가고 원 달러 환율은 치솟고 물가가 더 뛰면서 금융 위기의 불씨가 실물경제로 옮겨붙는 것이다. 더구나 이 과정에서 적정한 수준의 가계부채 충분한 외환보유액 경상수지 흑자 등의 체력 이 뒷받침되지 않을 경우 대외 금융 충격의 파고는 더 높아지고 한국 경제는 요동칠 수밖에 없다. 제롬 파월 미국 연방준비제도 Fed·연준 의장 워싱턴 AP 연합뉴스 연준 금리 인상 뒤 외환위기·금융위기…가장 강력·위험한 변수 과거 1990년대 이후 대표적 미국 연준의 기준금리 인상기는 1기 1996년 6월∼2000년 5월 2기 2004년 6월∼2006년 6월 3기 2015년 12월∼2018년 12월 세 차례 있었다. 1기의 끝부분과는 아시아 외환위기 닷컴 버블 붕괴가 겹치고 2기 직후에는 미국 서브프라임 부실 사태에 따른 글로벌 금융위기가 도래했다. 이보다 앞서 1980년대 초에도 고유가로 치솟은 물가에 대응하기 위해 연준이 금리를 서둘러 올린 때가 있었는데 이것이 이후 1982년부터 시작된 라틴아메리카 외채 위기를 촉발했다는 분석도 있다. 시기마다 상황과 변수는 조금씩 다르지만 기본적인 충격의 전파 경로는 대체로 비슷하다. 미국 연준이 국내 물가 등을 잡기 위해 금리를 인상하면 달러 가치가 오른다. 하지만 미국 외 다른 나라에서는 자금이 빠져나가고 자국 통화 가치가 떨어져 결국 해당 국가의 대외 신인도가 타격을 입는다. 다른 나라들이 금리 격차 확대와 통화 절하를 막기 위해 미국을 따라 금리를 올리기 시작하면 고환율 달러대비 환경에 고금리까지 겹쳐 수입업체나 소비자 등 경제 주체들은 고통을 받고 결국 소비 위축 등으로 실물 경제까지 흔들리기 시작한다. 간단히 말해 미국이 돈줄을 강하게 죄기 시작하면 글로벌 경제에서 가장 취약한 부분이 드러나면서 위기가 닥치는 구조다. 심지어 금융위기 당시에는 미국의 통화 긴축으로 기준금리가 5%를 훌쩍 넘어서자 다른 나라도 아닌 자국 내부에서 가장 부실한 서브프라임 모기지론 주택담보대출 의 환부가 터졌다. 그래픽 한미 기준금리 역전기 서울 연합뉴스 원형민 기자 미국 중앙은행인 연방준비제도 Fed·연준 가 21일 현지시간 기준금리를 또 0.75%포인트 인상했다. 가파른 금리 인상에도 인플레이션 현상이 좀처럼 누그러들지 않자 이례적으로 3번 연속 자이언트 스텝 한 번에 기준금리를 0.75%포인트 인상하는 것 에 나선 것이다. circlemin yna.co.kr 페이스북 tuney.kr LeYN1 트위터 yonhap graphics 연말 한미 금리차 1.50%p로 벌어질 수도…자금유출 환율·물가상승 압박 지금 전문가들이 한국 경제 위기설 에서 가장 우려하는 시나리오도 크게 다르지 않다. 미국 내 물가가 좀처럼 잡히지 않으면서 연방준비제도 연준·Fed 는 결국 지난달 20∼21일 현지시간 연방공개시장위원회 FOMC 정례회의에서 예상대로 3연속 자이언트 스텝을 밟았다. 이에 따라 한국과 미국의 기준금리는 약 한 달 만에 다시 역전됐다. 지난 7월 연준이 두 번째 자이언트 스텝을 밟은 뒤 미국의 기준금리 2.25∼2.50% 는 약 2년 반 만에 한국 2.25% 을 앞질렀다가 8월 25일 한국은행의 0.25%포인트 인상으로 같아졌지만 이제 격차가 0.75%포인트까지 또 벌어졌다. 만약 오는 12일 한은 금통위가 베이비스텝만 밟고 11월 초 연준이 다시 자이언트 스텝에 나서면 두 나라의 금리 차이는 1.25%포인트로 커진다. 이어 11월 말 금통위가 또 0.25%포인트만 올리고 연준이 12월 최소 빅 스텝만 결정해도 격차가 1.50%포인트에 이른다. 1.50%포인트는 역대 최대 한미 금리 역전 폭 1996년 6월∼2001년 3월 역전 당시 과 같은 수준으로 그만큼 원화 절하 원 달러 환율 상승 자금 유출 압박도 커질 수밖에 없다. 더구나 환율이 계속 뛰면 어렵게 정점을 통과 중인 인플레이션도 다시 들썩일 수 있다. 원화 가치가 떨어질수록 같은 수입 제품의 원화 환산 가격이 높아지기 때문이다. 그래픽 가계신용 잔액 추이 서울 연합뉴스 원형민 기자 한국은행이 23일 발표한 2분기 가계신용 잠정 통계에 따르면 6월 말 기준 가계신용 잔액은 1천869조4천억원으로 통계 작성이 시작된 2003년 이래 가장 많았다. circlemin yna.co.kr 페이스북 tuney.kr LeYN1 트위터 yonhap graphics 세계 1위 가계빚·부동산 쏠림…금리 등 충격에 취약 과도한 가계부채 부동산 등 자산 중심의 금융 불균형 쏠림 현상 충분하지 않은 외환보유액 등은 그 자체가 금융 또는 경제 위기를 촉발한다기보다는 연준의 긴축 등으로 비롯된 대외 충격에 대한 우리 경제 취약성 과 관련된 요소들이다. 예를 들어 단순히 가계대출이 많다고 해서 그 자체로 금융이나 경제에 당장 큰 문제가 생길 가능성은 크지 않다. 우리나라 가계대출의 특성상 주택 등 담보 비율은 높은 대신 연체율은 낮기 때문이다. 한은이 최근 내놓은 금융안정 상황 보고서 9월 기준 에 따르면 가계대출 연체율이 2분기 0.56% 잠재 취약차주의 비중은 16.8% 정도다. 한은도 보고서에서 가계신용 빚 의 증가세가 둔화하는 가운데 연체율과 취약차주 비중은 여전히 낮은 수준 이라고 진단했다. 하지만 한은은 동시에 다만 금리 상승과 대내외 여건 악화가 맞물릴 경우 취약차주 과다 채무자 등의 대출 상환 어려움이 증대될 우려가 있다 고 경고했다. 지금은 괜찮지만 연준의 빠른 긴축 등 여파로 국내 금리가 치솟는 등 금융 충격이 현실로 나타나면 경제규모 GDP 대비 세계 최대 수준인 한국의 가계신용 규모와 금융 불균형이 비로소 문제가 된다는 뜻이다. 가계부채가 많고 부동산 등 자산에 돈이 몰려있으면 그만큼 금리 상승기에 이자 부담 탓에 집을 살 수 없거나 팔 수밖에 없는 사람이 늘어나고 주택가격은 가파르게 떨어져 결국 연체 급증과 금융기관·금융시스템 부실이 드러나기 때문이다. 한은이 앞으로 부동산 가격이 20% 정도 하락하면 대출자가 보유 자산으로 부채에 대응할 수 있는 능력이 크게 떨어진다 는 취지의 분석 보고서 등을 최근 계속 내놓는 것도 같은 맥락이다. 최근 영국발 금융위기 가능성이 거론되는 것도 근본적으로 영국 정부의 과도한 부채로 너무 많은 국채가 발행된 구조적 취약성 때문이라는 분석이 많다. 그래픽 외환보유액 추이 서울 연합뉴스 박영석 기자 한국은행이 5일 발표한 외환보유액 통계에 따르면 8월 말 기준 외환보유액은 4천364억3천만달러로 집계됐다. 7월 말보다 21억8천만달러 줄었다. zeroground yna.co.kr 트위터 yonhap graphics 페이스북 tuney.kr LeYN1 경제 체력 외환보유액·경상수지도 불안 외환보유액도 불안한 부분이다. 달러 강세가 이어질 경우 외환보유액이 환율 방어에 쓰일 수도 있고 기타 통화 외화자산의 달러 환산액도 줄기 때문에 외환보유액은 계속 감소할 가능성이 커진다. 실제로 외환보유액은 3월 이후 4개월 연속 뒷걸음치다가 7월 반등했으나 8월 다시 한 달 만에 감소세로 돌아섰다. 다만 한은은 현재 9위 수준 7월 기준 4천386억달러 의 외환보유액이 부족하지 않은 상태라는 입장이다. 이창용 한은 총재는 8월 25일 일각에서는 국제통화기금 IMF 이 연간수출액 광의통화 M2 외국인 투자금 등을 합한 금액의 150% 수준까지 외화보유액을 유지하라고 권고했고 우리는 그 기준을 충족하지 못한다고 지적하지만 내가 IMF 출신이다. IMF에서 우리나라에 이렇게 쌓으라고 한 적도 없고 하라고 하지도 않을 것 이라고 강조했다. 경상수지도 중요한 경제 체력 이다. 한 나라 대외 거래와 경쟁력의 성적표로서 환율 등에 큰 영향을 미친다. 지난 7월의 경우 경상수지가 3개월 연속 흑자 10억9천만달러 를 기록했지만 원자재 등 수입 가격 상승으로 상품수지가 10년 3개월 만에 처음 적자로 돌아섰다. 더구나 최근 반도체 등의 수출 부진까지 겹쳐 8월에는 경상수지마저 4개월만에 다시 적자를 냈을 가능성이 커지고 있다. 김영환 한은 경제통계국 금융통계부장은 8월 무역수지가 사상 최대 적자를 기록해 상품수지도 영향을 받을 것 이라며 서비스·소득수지도 봐야겠지만 적자 전환 가능성이 있다 고 말했다.,https://n.news.naver.com/mnews/article/001/0013477010,외환위기 반도체 한국은행 신용 트위터
2022-10-02 05:34:10,환율,연합뉴스 ,한국경제 위기인가 ②금융시장은 이미 위기국면 진입,코스피 36%·코스닥 38% 폭락…시가총액 642조 사라져 올해 3년물 금리 238.8bp 뛰고 원 달러 환율 20% 급등 또 하락 마감한 코스피 서울 연합뉴스 임헌정 기자 30일 오후 서울 중구 하나은행 본점 딜링룸에서 직원들이 업무를 보고 있다. 이날 코스피는 전날보다 15.44포인트 0.71% 내린 2 155.49에 장을 마쳤다. 전날보다 9.82포인트 0.45% 낮은 2 161.11에 개장한 지수는 장중 2 134.77까지 떨어지며 지난 28일 기록한 장중 연저점 2 151.60 을 경신했다. 2022.9.30 kane yna.co.kr 서울 연합뉴스 윤선희 홍유담 김유아 기자 전 세계 중앙은행의 금리 인상과 달러 초강세로 인해 주가와 금리 환율이 요동치면서 국내 금융시장은 이미 위기국면에 진입한 지 오래다. 외국인 투자자금이 빠져나가면서 주가는 고점 대비 30% 넘게 급락했다. 채권 금리는 13년 만에 최고치로 뛰었고 환율은 올해 20% 치솟았다. 금융시장 안팎에선 우리 시장이 2008년 글로벌 금융위기 이후 위기 국면에 다시 진입한 것이 아니냐는 우려가 번지고 있다. 코스피 36%·코스닥 38% 폭락…시총 642조원 증발 2일 한국거래소에 따르면 코스피는 작년에 세운 사상 최고치 대비 1 181.31포인트 35.6% 하락했다. 코스피는 신종 코로나바이러스 감염증 코로나19 사태에 풀린 풍부한 유동성과 개인 투자자들의 주식투자 열풍에 작년 6월 25일 장중 3 316.08로 역대 최고치를 기록했다. 그러나 외국인이 꾸준히 차익실현에 나서면서 약세로 돌아선 코스피는 지난달 30일 장중 2 134.77까지 하락했다. 코스닥지수도 작년 8월 6일 장중 1 062.03까지 치솟았다가 지난달 30일 661.65로 400.38포인트 37.7% 떨어졌다. 올해 우리 증시 등락률은 주요 20개국 G20 중에서도 최하위 수준이다. 코스피와 코스닥시장 시가총액은 올해 9개월 새 642조3천490억원 증발했다. 코스피 시총은 작년 말 2천203조3천660억원에서 지난달 30일 1천698조4천500억원으로 504조9천160억원이나 사라졌다. 작년 말 446조2천960억원이던 코스닥 시총은 308조8천630억원으로 137조4천330억원 감소했다. 국내 대표 수출기업인 삼성전자 주가가 지난달 30일 장중 5만1천800원으로 9개월 새 33.8% 떨어졌고 현대차 주가도 22.5% 하락했다. 초저금리 시대에 급성장한 성장주인 네이버 NAVER 와 카카오 주가는 반 토막이 났다. 9개월 새 삼성전자 시총은 150조원이 사라졌고 네이버와 카카오 시총도 112조원에서 57조원으로 절반 55조원 이나 줄어들었다. 주가 급락은 인플레이션 물가 상승 을 잡기 위한 미국 연방준비제도 Fed·연준 의 고강도 금리 인상과 달러 강세로 외국계 투자자금이 빠져나가고 있어서다. 외국인은 올해 코스피와 코스닥시장에서 16조5천억원어치를 순매도했다. 과거 우리 증시가 위기 때마다 고점 대비 절반 정도 하락한 경험을 고려하면 주가는 더 내려갈 가능성이 크다. 코스피는 글로벌 금융위기 당시인 지난 2008년 한 해 40.73% 하락했으며 닷컴 거품 붕괴 사태가 빚어진 2000년엔 50.92%나 떨어졌다. 이경민 대신증권 투자전략팀장은 기준금리 인상 속에 경기와 기업 실적이 둔화할 가능성이 크다 며 증시의 추세적 흐름은 나빠질 수밖에 없다 고 진단했다. 김영익 서강대 경제대학원 교수는 각국 중앙은행의 금리 인상 여파에 경기침체가 현실화할 것 이라며 코스피는 2∼3년간 박스권에서 움직이면서 2 000선을 내줄 수도 있다 고 전망했다. 치솟는 채권금리…3년물 올해 238.8bp 급등 미 연준과 한국은행의 금리 인상이 이어지면서 채권 금리도 가파르게 치솟았다. 지난달 30일 서울 채권시장에서 3년 만기 국고채 금리는 전 거래일보다 11.7bp 1bp 0.01%포인트 내린 연 4.186%에 장을 마쳤다. 3년물 금리는 지난해 말 1.798% 과 비교하면 올해 들어서만 238.8bp 치솟았고 1년 전보다 무려 259.3bp 뛰었다. 지난달 26일에는 3년물 금리가 연 4.548%로 2009년 10월 26일 4.62% 이후 12년 11개월 만에 최고치를 기록했다. 10년물 금리도 2011년 7월 8일 4.34% 이후 최고치인 연 4.335%로 거래를 마쳤다. 같은 날 신용등급 AA 인 기업의 무보증 회사채 3년물 4.530% 과 BBB 인 기업의 무보증 회사채 3년물 11.382% 역시 나란히 연고점을 기록했다. 이는 각각 2010년 1월 6일 5.54% 2010년 2월 22일 11.40% 이후 최고치다. 금융투자협회는 올해 3년물 채권금리 상승 폭은 역대 최대 라며 최근 10년간 3년물 기준 연간 평균으로 매년 20∼80bp 정도 오르내리던 금리가 올해 155bp 넘게 뛰는 등 이례적으로 치솟았다 고 설명했다. 채권금리의 급격한 상승으로 기업들의 회사채 발행과 유통도 차질을 빚을 조짐이 나타나고 있으며 이로 인해 기업 자금조달의 창구가 막히고 신용경색이 발생할 가능성마저 우려되고 있다. 민지희 미래에셋증권 연구원은 미 연준은 물가 상승세 속에 정책 전환 기대감 차단을 위해 이달에도 매파적 통화 긴축 선호 스탠스를 유지할 것 이라며 국내외 긴축에 따른 불확실성이 국내 채권 시장 안정을 제한할 것 이라고 진단했다. 폭주하는 원 달러 환율… 1 500원 돌파는 시간문제 원 달러 환율은 지난달 30일 종가 기준 1 430.2원으로 연초보다 20.0% 올랐다. 지난해 10월 12일 1 200원을 넘어선 환율은 지난 6월 23일 1 300원 선에 진입하기까지 8개월이 걸렸으나 1 400원 선을 넘어서는 데는 불과 3개월밖에 걸리지 않았다. 특히 원화 가치 절하 폭은 다른 주요국 통화보다 유독 크다. 연초와 비교한 달러 대비 환율 상승률을 보면 중국 위안화와 유로는 각각 11.5% 14.9%로 원화보다 낮았다. 환율 상승은 수입 가격 상승으로 국내 물가를 오르게 만드는 요인이다. 한국은행에 따르면 원 달러 환율이 1% 오를 때 물가 상승률은 0.06%포인트 높아지는 것으로 추산된다. 최근 환율이 20% 오른 영향으로 물가 상승률이 1.20%포인트 높아졌다는 뜻이다. 외환 당국은 지난 2분기 4∼6월 외환시장에 역대 최대 규모인 154억900만달러를 순매도했지만 환율 상승 흐름을 바꾸기에 역부족이었다. 김승혁 NH선물 연구원은 최근 원화가 위안화의 하락세에 연동된 데다 수출 의존도가 높은 중국 미국 유럽 등 국가의 경기가 긍정적이지 않아 원화의 평가 절하 폭이 더 커진 것으로 분석된다 며 올해 말 원 달러 환율은 1 500원까지 상단을 열어둬야 할 것 이라고 전망했다.,https://n.news.naver.com/mnews/article/001/0013477009,인플레이션 코로나바이러스 경험 중국
2022-10-02 05:34:08,환율,연합뉴스 ,한국경제 위기인가 ①고개드는 경제위기설…원인과 실상은,물가상승·금리인상·달러강세·무역적자…악재만 산적 과거 위기보다 유동성·건전성 양호… 대외여건 악화엔 대비해야 환율 1 440원도 돌파…코스피는 2 200 붕괴 CG 연합뉴스TV 제공 편집자 주 장기 저금리로 풀린 유동성 때문에 인플레이션 우려가 커지자 미국 연방준비제도 Fed·연준 를 비롯한 세계 각국 중앙은행들이 금리를 큰 폭으로 올리며 돈줄 죄기 에 나섰습니다. 금융시장에선 주가가 폭락하고 원 달러 환율은 급등하는 등 충격이 발생했고 한국경제의 버팀목이던 무역수지는 반년째 적자행진이 이어졌습니다. 주요 기업들은 이미 투자와 비용을 줄이고 위기 발생 가능성에 대비하는 비상 경영체제에 돌입했습니다. 경기침체가 불가피하다는 전망이 대세론으로 자리 잡은 가운데 과거 외환위기나 금융위기와 같은 대형 경제위기가 발생할 것이란 우려도 고개를 듭니다. 연합뉴스는 경제위기설의 원인과 실상을 파헤치고 위기를 촉발할 가능성이 있는 내·외부 요인들을 점검하는 한편 위기 대응 방안도 제시하는 기획 기사 8건을 준비해 일괄 송고합니다. 서울 연합뉴스 오주현 기자 아시아 양대 경제 대국인 일본 엔화와 중국 위안화 가치의 급락으로 1997년처럼 아시아 금융위기가 재연될 수 있다는 우려가 커지고 있다 블룸버그통신은 지난달 26일 보도를 통해 아시아 금융위기 가능성을 제기했다. 아시아의 경제·무역 강국인 이들 두 나라의 통화가치 급락으로 글로벌 펀드들이 아시아 지역 전체에서 자금을 회수해 대량 자본 이탈로 이어질 경우 진짜 위기가 발생할 수 있다는 시나리오다. 아시아뿐 아니라 세계 경제는 러시아·우크라이나 전쟁의 장기화 공급망 붕괴 등으로 하방 압력을 받다가 미국 연방준비제도 Fed·연준 의 급격한 금리 인상이 단행되자 더욱 큰 혼란에 빠진 상황이다. 과거 위기와 비교하면 국내 외환보유액 등 대외건전성·유동성 지표는 양호한 만큼 아직 경제 위기는 아니라는 시각이 우세하지만 산적한 대외 리스크의 국내 전이 가능성을 차단해야 한다는 지적이 나온다. 제롬 파월 미국 연준 의장 워싱턴DC AP 연합뉴스 제롬 파월 미국 연방준비제도 Fed·연준 의장이 지난 7월 27일 현지시간 미국 워싱턴DC에서 열린 기자회견에서 연설하고 있다. 2022.07.28 ddy04002 yna.co.kr 인플레·금리인상·달러강세·금융불안·실물부진…악재만 산적 지난달 30일 원 달러 환율은 1 430.2원에 코스피는 종가 기준 연저점인 2 155.49에 거래를 마쳤다. 최근 금융시장의 주요 지표가 악화된 배경엔 전 세계적인 인플레이션 물가 상승 심화가 자리 잡고 있다. 올해 초 발발한 러시아·우크라이나 전쟁에 따른 공급망 불안으로 국제유가가 급등하고 원자재 가격이 오르면서 공급측 물가 상승 요인으로 작용했다. 특히 한국은 주요 원자재 수급을 해외에 의존하고 있기에 원자재 가격 급등에 따른 충격을 고스란히 떠안아야 한다. 국제통화기금 IMF 은 세계 소비자물가 상승률이 2021년 4.7%에서 올해 8.3%까지 상승할 것으로 전망했다. 기록적인 인플레이션에 대응하기 위해 미국 연방준비제도 Fed·연준 가 가파른 속도로 통화 긴축에 나서면서 금융시장 불안은 더욱 확대됐다. 미국이 기준금리를 단기간에 큰 폭으로 인상하면서 달러화가 초강세를 보이고 전 세계 투자자금이 달러를 향해 몰려드는 현상이 나타나고 있다. 원 달러 환율도 지난달 28일 장중 1 442.2원까지 올라 2009년 3월 16일 고가 기준 1 488.0원 이후 13년 6개월여 만에 최고치를 기록했다. 달러 강세는 미국을 제외한 다른 국가의 수입 물가를 끌어올리는 한편 투자 자금의 유출을 촉발해 금융 불안을 증폭시키는 요인으로 작용한다. 이에 따라 각국은 자국의 통화 가치를 방어하기 위해 기준금리 인상에 속도를 내는 이른바 역환율 전쟁 에 나서고 있다. 2008년 금융위기 이후 주요국이 자국 통화가치를 낮춰 수출 기업의 경쟁력을 높이려 했던 환율 전쟁 과 반대 양상을 보이는 것이다. 위기 요인은 금융 부문에 국한된 현상은 아니다. 러시아의 우크라이나 침공과 유가 상승으로 이미 공급망 위기 를 겪던 국내 기업들은 금리 인상에 따른 신용 경색으로 자금 조달까지 어려워지자 각종 투자계획을 철회하고 비용 절감에 나서는 등 비상 경영에 돌입했다. 실물 부문에서도 반도체 생산은 7월 3.5% 에 이어 8월에도 작년 같은 달보다 14.2%나 감소했고 9월 반도체 수출은 5.7% 줄었다. 지난달 무역수지는 37억7천만달러 약 5조4천213억원 의 적자를 내 지난 4월부터 6개월째 적자행진을 이어갔다. 그래픽 미국 달러지수 추이 서울 연합뉴스 김영은 기자 미국 연방준비제도 Fed·연준 가 시장의 예상을 웃도는 기준금리 인상 경로를 내놓고 러시아 우크라이나 전쟁을 둘러싼 긴장이 고조됨에 따라 미국 달러화가 20년 만에 최고치로 뛰어올랐다. 0eun yna.co.kr 트위터 yonhap graphics 페이스북 tuney.kr LeYN1 외환위기·금융위기 때와 다르지만… 대외 리스크 전이 대비해야 원 달러 환율이 과거 글로벌 금융위기 및 외환위기 당시 수준인 1 400원대에서 오르내리자 불안감이 커지고 있지만 아직 과거와 같은 위기 상황은 아니라는 시각이 우세하다. 추경호 부총리 겸 기획재정부 장관은 지난달 30일 아시아개발은행 ADB 연차총회 참석차 방문한 필리핀 마닐라에서 기자들과 만나 한국에서 경제위기가 재현될 가능성은 매우 매우 낮다는 게 외부의 시각 이라고 강조했다. 그는 한국의 경우 엄청난 외환보유고가 있고 경상수지도 큰 틀에서 괜찮다 면서 미국의 금리 인상으로 나타나는 부분이기 때문에 단기적으로 일부 자본의 움직임이 나타날 수 있으나 기본적으로 위기 상황의 재연 가능성은 없다고 본다 고 말했다. 실제로 현대경제연구원이 코로나19 이후 외환보유액 감소 폭을 1997년 외환위기 2008년 금융위기 당시와 비교한 결과 코로나19 이후 현재의 상황은 상대적으로 양호한 수준이었다. 외환위기 당시인 1997년 12월께 외환보유액은 204억달러로 전고점 1997년 7월 대비 39.4% 줄었고 2008년 11월 글로벌 금융위기 당시 외환보유액은 전고점 2008년 3월 보다 24.1% 감소한 2천5억달러 수준이었다. 반면 지난 6월 말 기준 외환보유액은 전고점이었던 작년 10월의 4천692억달러보다는 6.6% 감소하는 데 그쳤다. 과거 위기시기의 외환보유액 변화 비교 현대경제연구원 제공. 재판매 및 DB 금지 한국은행의 외환보유액 통계에 따르면 8월 말 기준 외환보유액은 4천364억3천만달러로 집계됐는데 IMF가 제시한 방법과 비교해도 적정 외환보유액 기준치 4천303억 달러 를 1.4% 상회하는 수준이다. 한은은 국회에 제출한 현안 보고서에서 최근 환율 상승을 과거 환율 급등기와 비교하며 최근 원 달러 환율 상승은 미국의 긴축 강화 글로벌 달러 강세라는 대외요인에 주요 기인하며 우리나라 대내외 건전성이 양호하다는 점에서 과거 두 차례 위기 외환·금융위기 와 다르다 고 평가하기도 했다. 다만 세계 경제가 경기 침체 신호를 나타내고 있는 만큼 대외 여건 악화가 국내로 전이될 가능성에 대비해야 한다는 지적이 나온다. 한국은행은 금융안정보고서에서 국제금융시장 등 대외 여건과 경상수지 흐름 외국인 투자자의 국내 경제에 대한 평가 해외 대체투자 손실 확대 등에 따라 외화유동성 상황이 예상보다 나빠질 수도 있으므로 이에 대비한 유동성 리스크 관리는 강화해야 한다 고 강조했다. 현대경제연구원도 기존 대외 리스크의 장기화로 글로벌 공급망 경색 현상이 지속될 가능성이 큰 만큼 에너지·자원 외교를 강화해 국내 수급 불균형을 개선해야 한다 고 제언했다.,https://n.news.naver.com/mnews/article/001/0013477008,경제위기 일본 지속 외교 우크라이나
2022-10-01 18:19:02,환율,연합뉴스TV ,9월 무역적자 37.7억달러…6개월 연속 적자,뉴스리뷰 앵커 올 들어 무역 적자가 이어지고 있죠. 지난달에도 37억7 000만 달러 적자를 기록하면서 1997년 외환위기 이후 25년 만에 6개월 연속 적자를 보였는데요. 수출은 늘었지만 원유와 석탄 가스 등 3대 에너지원 수입액이 큰 폭으로 증가한 게 이유로 꼽힙니다. 김장현 기자입니다. 기자 9월 무역수지는 37억7 000만 달러 적자. 1997년 외환위기 이후 25년 만에 6개월 연속 적자입니다. 역대 최대를 기록 중인 올해 누적 무역적자도 288억8 000만 달러가 됐습니다. 수출은 늘었지만 원유와 석탄 가스 등 에너지원 수입액이 더 큰 폭으로 증가한 것이 계속되는 무역적자의 이유로 꼽힙니다. 지난달 수입은 1년 전보다 18.6% 늘어난 612억3 000만 달러였는데 이 중 30%인 179억6 000만 달러가 원유와 석탄 가스 등 3대 에너지원 수입액이었습니다. 지난달까지 3대 에너지원 올해 누적 수입액은 1 431억3 000만 달러. 같은 기간 무역적자의 약 5배에 달합니다. 이 영향으로 월별 수입액도 지난 3월부터 7개월 연속 600억 달러를 넘었습니다. 지난달 수출은 1년 전보다 2.8%가 늘어난 574억6 000만달러로 역대 9월 중 최대였습니다. 수출은 23개월 연속 증가세를 보였지만 증가폭은 둔화됐습니다. 석유제품과 자동차 이차전지 등이 역대 9월 최고 실적을 냈고 선박과 차부품 수출도 증가했습니다. 지난달 조업일수가 8월보다 이틀 적었음에도 무역적자 규모는 8월에 비해 60% 줄었고 대중 무역수지도 5개월 만에 6억9 000만 달러 흑자 전환했습니다. 손호영 산업통상자원부 수출입과장 무역 적자 규모도 전월에 비해서는 50억 달러 이상 감소했고 지난달까지 이어지던 대중 무역수지 적자도 9월에는 흑자로 전환된 것은 의미 있는 변화라고 할 수 있습니다. 산업부는 일본과 이탈리아 프랑스 등 에너지 수입 의존도가 높은 국가들에게 무역적자 흐름이 공통적으로 나타나고 있다고 설명했습니다. 연합뉴스TV 김장현입니다.,https://n.news.naver.com/mnews/article/422/0000563208,석탄 무역적자 일본 자원부 이탈리아
2022-10-01 18:15:02,환율,연합뉴스TV ,한미 재무장관 필요시 유동성 공급…IRA 우려도 전달,뉴스리뷰 앵커 한미 재무장관이 어젯밤 30일 전화 회담을 갖고 최근 불확실한 외환시장과 관련해 필요시 유동성 공급을 위해 양국이 협력할 준비가 돼 있다는 입장을 재확인했습니다. 우리 정부는 미국의 인플레이션 감축법 IRA 에 대한 우려를 재차 전달했습니다. 김동욱 기자입니다. 기자 지난 7월 전화 회담에 이어 G20 회의 시 면담 한미 재무장관회의 등 세 차례 연달아 만났던 추경호 부총리 겸 기획재정부 장관과 재닛 옐런 미국 재무장관. 추경호 부총리 겸 기획재정부 장관 7월 19일·한미 재무장관회의 향후 한미 간 포괄적 전략동맹 관계도 더욱 발전되고 확대되기를 기원합니다. 양국 재무 장관은 두 달여 만에 또다시 전화 회담을 갖고 글로벌 경제 상황과 외환시장 협력 전기차 세액공제 등 주요 현안들을 논의했습니다. 이번 전화 회담은 미국 재무부의 요청으로 성사됐습니다. 양국 장관은 금융 불안이 심화될 경우 필요시 유동성 공급장치를 실행하기 위해 긴밀히 협력할 준비가 되어 있음을 재확인하고 관련 논의를 지속하기로 했습니다. 또 우리 정부는 미국의 인플레이션 감축법 IRA에 대한 우려를 전달했습니다. 추 부총리는 2주 전 관련 우려를 담아 보낸 서한의 내용을 상기시키며 북미산 전기차에만 세액공제 혜택을 부여해 한국의 전기차 업계 국회 등을 중심으로 우려가 확산되고 있음을 전달했습니다. 이에 옐런 장관은 한국의 입장을 공유해준 것에 대해 깊은 감사를 표했으며 양국이 긴밀한 협력을 지속해 나가자고 언급했습니다. 이외에도 양국 장관은 글로벌 물가 안정과 기후·보건 이슈 대응에 대해서도 의견을 교환하고 협력을 지속해 나가기로 합의했습니다. 연합뉴스TV 김동욱입니다.,https://n.news.naver.com/mnews/article/422/0000563207,회의 인플레이션 김동욱 우려 혜택
2022-10-01 18:07:09,환율,연합뉴스 ,태국 중앙은행 통화가치 방어 목적 시장 개입 시인,달러화 대비 밧화 가치 올해 11.7% 하락…16년 만에 최저치 태국 밧화 로이터 연합뉴스 자료사진. 재판매 및 DB 금지 방콕 연합뉴스 강종훈 특파원 태국 중앙은행 BOT 가 자국 통화인 밧화의 변동성을 줄이기 위해 외환시장에 개입해왔다고 1일 밝혔다. 1일 방콕포스트에 따르면 마티 수파퐁세 BOT 부총재는 밧화의 변동성을 낮추기 위해 때때로 시장에 개입했다 고 인정하면서 밧화의 환율 수준에 대한 목표는 없다고 말했다. 태국 밧화의 달러화 대비 가치는 올해 들어 11.7% 떨어져 16년 만에 최저치를 기록 중이다. 현재 환율은 달러당 38밧에 육박한다. 마티 부총재는 다른 통화에 비해 밧화는 상대적으로 안정적이며 태국의 금융 시스템은 튼튼하다고 말했다. 밧화 약세는 달러화의 강세에 따른 것이며 대외준비자산 감소도 BOT의 외환시장 개입 때문이 아니라고 그는 설명했다. 그는 태국과 미국의 금리 격차에도 태국으로 자본이 유입되고 있다고 덧붙였다. 올해 들어 외국 투자자들은 1천500억밧 5조7천100억원 규모의 태국 주식을 사들였고 채권은 약 330억밧 1조2천600억원 어치 팔았다. BOT는 점진적인 긴축이 태국의 경제 회복에 도움이 될 것이라는 기조를 유지하고 있다. BOT는 지난 8월 3년 8개월 만에 기준금리를 0.50%에서 0.75%로 인상한 데 이어 지난달 28일 1.00%로 또다시 0.25%포인트 인상했다.,https://n.news.naver.com/mnews/article/001/0013476859,방콕 재판매 시인
2022-10-01 17:21:02,환율,연합뉴스TV ,추경호 금융외환시장 회의서 단계별 안정조치 점검,기획재정부는 추경호 부총리 겸 기획재정부 장관이 어제 30일 오후 정부서울청사에서 관계기관 합동 금융 외환시장 점검 회의를 열고 시장별·단계별 시장안정조치를 점검했다고 밝혔습니다. 이 회의에는 기재부와 이승헌 한국은행 부총재 김소영 금융위원회 부위원장을 비롯해 한은 금융위 금융감독원 증권거래소의 부기관장과 실무 담당자들이 참석했습니다. 추 부총리는 주식 채권 외환 단기자금 등 시장별 상황을 진단하고 그동안 준비해온 시장별·단계별 시장안정조치 등을 재점검한 뒤 필요할 때 실기하지 않고 적기에 비상 대응체계를 가동할 수 있도록 만전을 기해달라 고 말했습니다.,https://n.news.naver.com/mnews/article/422/0000563200,회의 한국은행 적기 금융감독원
2022-10-01 14:15:12,환율,연합뉴스 ,금융외환 시장 점검회의 입장하는 추경호 경제부총리,서울 연합뉴스 추경호 경제부총리 겸 기획재정부 장관이 지난 30일 오후 서울 종로구 정부 서울청사에서 열린 관계기관 합동 금융외환시장 점검회의를 주재했다고 1일 오전 기획재정부가 공개했다. 이날 회의에는 기획재정부 한국은행 금융위원회 금융감독원 증권거래소의 부기관장급 및 시장별 실무담당자들이 참석해 주식 채권 외환 단기자금 등 시장별 상황을 진단하고 준비해왔던 시장별 단계별 시장안정조치 등을 재점검하였다는데 의미가 있다고 기재부는 밝혔다.,https://n.news.naver.com/mnews/article/001/0013476592,금융감독원 진단 회의
2022-10-01 14:15:11,환율,연합뉴스 ,미 옐런 재무장관과 통화하는 추경호 경제부총리,서울 연합뉴스 추경호 경제부총리 겸 기획재정부 장관이 지난 30일 오후 서울 종로구 정부서울청사에서 재닛 옐런 미국 재무장관과 전화 회의를 하고 있다. 추경호 부총리는 30일 오후 8시 한국시간 옐런 장관과의 회의에서 세계 경제 동향과 외환시장 협력 미국 인플레이션 감축법 IRA 러시아 원유가격 상한제 등을 논의했다고 1일 기획재정부는 밝혔다.,https://n.news.naver.com/mnews/article/001/0013476591,회의 인플레이션 러시아 상한
